"","run_number","site","date","lc","species","subsample","mass_mg","percent_N","percent_C","NC_ratio","soil_run","soil_mass","soil_N","soil_C","soil_NC","n_cores","rock_bottom","organic","depth","d15N","d13CVPDB","x","y","Lat","Long"
"1","Dara","Broadleaf.1.1",2022-06-13,"Broadleaf","Crowberry",1,2.434,0.612616398,59.13666792,0.010359332,11,5.567,0.63,42.77,0.014729951,"3","yes",NA,7,6.517977332,-29.3673439,697873,5509371,49.70430912,-54.25562055
"2","Dara","Broadleaf.1.1",2022-06-13,"Broadleaf","Crowberry",2,2.374,1.213122174,54.94984682,0.022076898,11,5.567,0.63,42.77,0.014729951,"3","yes",NA,7,-8.89128319,-27.23453642,697873,5509371,49.70430912,-54.25562055
"3","Dara","Broadleaf.1.1",2022-06-13,"Broadleaf","Crowberry",3,2.254,0.908747662,58.56576771,0.015516704,11,5.567,0.63,42.77,0.014729951,"3","yes",NA,7,-9.99069309,-27.99340141,697873,5509371,49.70430912,-54.25562055
"4","Dara","Broadleaf.1.1",2022-06-13,"Broadleaf","Crowberry",4,2.346,1.07289516,56.90357673,0.018854617,11,5.567,0.63,42.77,0.014729951,"3","yes",NA,7,-9.241928001,-27.1116951,697873,5509371,49.70430912,-54.25562055
"5","Dara","Broadleaf.1.1",2022-06-13,"Broadleaf","Kalmia",1,2.17,1.276047625,55.66505371,0.022923675,11,5.567,0.63,42.77,0.014729951,"3","yes",NA,7,-10.01673168,-31.39638569,697873,5509371,49.70430912,-54.25562055
"6","Dara","Broadleaf.1.1",2022-06-13,"Broadleaf","Kalmia",2,2.216,0.98684265,56.82203241,0.017367254,11,5.567,0.63,42.77,0.014729951,"3","yes",NA,7,-7.488435149,-30.78854073,697873,5509371,49.70430912,-54.25562055
"7","Dara","Broadleaf.1.1",2022-06-13,"Broadleaf","Kalmia",3,2.298,1.134610486,57.4874608,0.01973666,11,5.567,0.63,42.77,0.014729951,"3","yes",NA,7,-11.88441229,-29.9980346,697873,5509371,49.70430912,-54.25562055
"8","Dara","Broadleaf.1.1",2022-06-13,"Broadleaf","Kalmia",4,2.203,0.97985899,55.59301346,0.017625578,11,5.567,0.63,42.77,0.014729951,"3","yes",NA,7,-9.450806204,-29.97948768,697873,5509371,49.70430912,-54.25562055
"9","Dara","Broadleaf.1.1",2022-06-13,"Broadleaf","Lingonberry",1,2.139,0.632363327,56.05025492,0.011282078,11,5.567,0.63,42.77,0.014729951,"3","yes",NA,7,-10.95572056,-30.48614115,697873,5509371,49.70430912,-54.25562055
"10","Dara","Broadleaf.1.1",2022-06-13,"Broadleaf","Lingonberry",2,2.407,0.571756058,56.0079442,0.010208481,11,5.567,0.63,42.77,0.014729951,"3","yes",NA,7,-8.193634343,-30.1833274,697873,5509371,49.70430912,-54.25562055
"11","Dara","Broadleaf.1.1",2022-06-13,"Broadleaf","Lingonberry",3,2.095,0.528542397,53.41587766,0.009894856,11,5.567,0.63,42.77,0.014729951,"3","yes",NA,7,-5.858543422,-29.9181646,697873,5509371,49.70430912,-54.25562055
"12","Dara","Broadleaf.1.1",2022-06-13,"Broadleaf","Lingonberry",4,2.374,0.725402715,54.76340702,0.013246121,11,5.567,0.63,42.77,0.014729951,"3","yes",NA,7,-11.7170089,-30.99716839,697873,5509371,49.70430912,-54.25562055
"13","Dara","Broadleaf.1.1",2022-06-13,"Broadleaf","Moss",1,2.526,0.557460073,47.75913846,0.011672323,11,5.567,0.63,42.77,0.014729951,"3","yes",NA,7,12.54165401,-30.45546521,697873,5509371,49.70430912,-54.25562055
"14","Dara","Broadleaf.1.1",2022-06-13,"Broadleaf","Moss",2,2.437,0.481255741,47.35949912,0.010161757,11,5.567,0.63,42.77,0.014729951,"3","yes",NA,7,10.93092378,-31.12946741,697873,5509371,49.70430912,-54.25562055
"15","Dara","Broadleaf.1.1",2022-06-13,"Broadleaf","Moss",3,2.342,0.429838411,47.31821759,0.009083994,11,5.567,0.63,42.77,0.014729951,"3","yes",NA,7,16.84941508,-31.76129338,697873,5509371,49.70430912,-54.25562055
"16","Dara","Broadleaf.1.1",2022-06-13,"Broadleaf","Moss",4,2.22,0.436498014,47.47994774,0.009193313,11,5.567,0.63,42.77,0.014729951,"3","yes",NA,7,13.96833295,-30.95116511,697873,5509371,49.70430912,-54.25562055
"17","Dara","Broadleaf.1.2",2022-06-13,"Broadleaf","Crowberry",1,2.531,1.023036256,55.81005601,0.01833068,11,5.058,0.78,50.04,0.01558753,"3","yes",NA,10,-7.60355981,-28.65221511,697873,5509371,49.70430912,-54.25562055
"18","Dara","Broadleaf.1.2",2022-06-13,"Broadleaf","Crowberry",2,2.288,0.963298595,57.27204141,0.016819701,11,5.058,0.78,50.04,0.01558753,"3","yes",NA,10,-7.920562664,-29.29756938,697873,5509371,49.70430912,-54.25562055
"19","Dara","Broadleaf.1.2",2022-06-13,"Broadleaf","Crowberry",3,2.043,1.017256508,55.81439154,0.018225703,11,5.058,0.78,50.04,0.01558753,"3","yes",NA,10,-6.369865404,-28.69052522,697873,5509371,49.70430912,-54.25562055
"20","Dara","Broadleaf.1.2",2022-06-13,"Broadleaf","Kalmia",1,2.434,1.049758081,53.64486895,0.019568658,11,5.058,0.78,50.04,0.01558753,"3","yes",NA,10,-9.703219102,-29.79577116,697873,5509371,49.70430912,-54.25562055
"21","Dara","Broadleaf.1.2",2022-06-13,"Broadleaf","Kalmia",2,2.258,1.185935332,62.20272714,0.019065649,11,5.058,0.78,50.04,0.01558753,"3","yes",NA,10,-7.744759014,-30.57258044,697873,5509371,49.70430912,-54.25562055
"22","Dara","Broadleaf.1.2",2022-06-13,"Broadleaf","Kalmia",3,2.442,1.208332795,52.74403793,0.022909372,11,5.058,0.78,50.04,0.01558753,"3","yes",NA,10,-9.117926528,-30.03513105,697873,5509371,49.70430912,-54.25562055
"23","Dara","Broadleaf.1.2",2022-06-13,"Broadleaf","Kalmia",4,2.143,0.853978833,57.81464933,0.014770977,11,5.058,0.78,50.04,0.01558753,"3","yes",NA,10,-9.354707758,-29.97405352,697873,5509371,49.70430912,-54.25562055
"24","Dara","Broadleaf.1.2",2022-06-13,"Broadleaf","Lingonberry",1,2.323,0.731195359,56.24080987,0.013001153,11,5.058,0.78,50.04,0.01558753,"3","yes",NA,10,-9.160039869,-29.28866612,697873,5509371,49.70430912,-54.25562055
"25","Dara","Broadleaf.1.2",2022-06-13,"Broadleaf","Lingonberry",2,2.371,0.728758698,54.49382329,0.013373235,11,5.058,0.78,50.04,0.01558753,"3","yes",NA,10,-10.66034452,-29.85158454,697873,5509371,49.70430912,-54.25562055
"26","Dara","Broadleaf.1.2",2022-06-13,"Broadleaf","Lingonberry",3,2.121,0.522864402,55.7118583,0.009385155,11,5.058,0.78,50.04,0.01558753,"3","yes",NA,10,-12.41025509,-30.13797368,697873,5509371,49.70430912,-54.25562055
"27","Dara","Broadleaf.1.2",2022-06-13,"Broadleaf","Lingonberry",4,2.279,0.589285948,55.79802517,0.010561054,11,5.058,0.78,50.04,0.01558753,"3","yes",NA,10,-10.37387496,-29.4087662,697873,5509371,49.70430912,-54.25562055
"28","Dara","Broadleaf.1.2",2022-06-13,"Broadleaf","Moss",1,2.021,0.590216193,47.81273814,0.012344329,11,5.058,0.78,50.04,0.01558753,"3","yes",NA,10,4.517000916,-32.06695373,697873,5509371,49.70430912,-54.25562055
"29","Dara","Broadleaf.1.2",2022-06-13,"Broadleaf","Moss",2,2.423,0.483503492,46.68982855,0.010355649,11,5.058,0.78,50.04,0.01558753,"3","yes",NA,10,13.35590441,-32.15983753,697873,5509371,49.70430912,-54.25562055
"30","Dara","Broadleaf.1.2",2022-06-13,"Broadleaf","Moss",3,2.024,0.399002514,47.05905163,0.008478762,11,5.058,0.78,50.04,0.01558753,"3","yes",NA,10,19.41426954,-30.49247617,697873,5509371,49.70430912,-54.25562055
"31","Dara","Broadleaf.1.2",2022-06-13,"Broadleaf","Moss",4,2.443,0.449257661,47.004309,0.009557797,11,5.058,0.78,50.04,0.01558753,"3","yes",NA,10,11.13492223,-31.19050681,697873,5509371,49.70430912,-54.25562055
"32","Dara","Broadleaf.1.3",2022-06-13,"Broadleaf","Crowberry",1,2.527,0.807289501,58.07868677,0.013899927,11,5.066,0.79,45.7,0.017286652,"4","yes",NA,9.5,-6.684230537,-29.19734014,697873,5509371,49.70430912,-54.25562055
"33","Dara","Broadleaf.1.3",2022-06-13,"Broadleaf","Crowberry",2,2.036,0.852346304,56.00607623,0.015218818,11,5.066,0.79,45.7,0.017286652,"4","yes",NA,9.5,-6.151153659,-29.3850187,697873,5509371,49.70430912,-54.25562055
"34","Dara","Broadleaf.1.3",2022-06-13,"Broadleaf","Crowberry",3,2.115,0.883014423,57.05655243,0.015476126,11,5.066,0.79,45.7,0.017286652,"4","yes",NA,9.5,-7.646084891,-29.68903721,697873,5509371,49.70430912,-54.25562055
"35","Dara","Broadleaf.1.3",2022-06-13,"Broadleaf","Kalmia",1,2.3,1.102413184,56.66920652,0.019453478,11,5.066,0.79,45.7,0.017286652,"4","yes",NA,9.5,-8.796527803,-30.64884657,697873,5509371,49.70430912,-54.25562055
"36","Dara","Broadleaf.1.3",2022-06-13,"Broadleaf","Kalmia",2,1.973,0.97024056,57.93651256,0.016746617,11,5.066,0.79,45.7,0.017286652,"4","yes",NA,9.5,-9.3967389,-30.18298968,697873,5509371,49.70430912,-54.25562055
"37","Dara","Broadleaf.1.3",2022-06-13,"Broadleaf","Kalmia",3,2.314,0.866168934,57.25760846,0.015127578,11,5.066,0.79,45.7,0.017286652,"4","yes",NA,9.5,-11.54812012,-30.7417685,697873,5509371,49.70430912,-54.25562055
"38","Dara","Broadleaf.1.3",2022-06-13,"Broadleaf","Kalmia",4,2.162,1.122450186,56.05521105,0.020024011,11,5.066,0.79,45.7,0.017286652,"4","yes",NA,9.5,-10.41230137,-30.63127511,697873,5509371,49.70430912,-54.25562055
"39","Dara","Broadleaf.1.3",2022-06-13,"Broadleaf","Cladonia",1,3.786,0.156900941,45.04995097,0.003482822,11,5.066,0.79,45.7,0.017286652,"4","yes",NA,9.5,9.227431834,-25.06397736,697873,5509371,49.70430912,-54.25562055
"40","Dara","Broadleaf.1.3",2022-06-13,"Broadleaf","Cladonia",2,3.774,0.229881469,46.24889189,0.004970529,11,5.066,0.79,45.7,0.017286652,"4","yes",NA,9.5,5.728136862,-25.48560489,697873,5509371,49.70430912,-54.25562055
"41","Dara","Broadleaf.1.3",2022-06-13,"Broadleaf","Cladonia",3,4.106,0.311948209,46.24067369,0.006746187,11,5.066,0.79,45.7,0.017286652,"4","yes",NA,9.5,11.76063375,-27.17529513,697873,5509371,49.70430912,-54.25562055
"42","Dara","Broadleaf.1.3",2022-06-13,"Broadleaf","Cladonia",4,4.106,0.336806541,42.24052988,0.00797354,11,5.066,0.79,45.7,0.017286652,"4","yes",NA,9.5,0.04211635,-27.98733463,697873,5509371,49.70430912,-54.25562055
"43","Dara","Broadleaf.1.3",2022-06-13,"Broadleaf","Lingonberry",1,2.54,0.543826335,56.06573632,0.009699798,11,5.066,0.79,45.7,0.017286652,"4","yes",NA,9.5,-12.26549,-29.16384804,697873,5509371,49.70430912,-54.25562055
"44","Dara","Broadleaf.1.3",2022-06-13,"Broadleaf","Lingonberry",2,2.052,0.518022648,55.95580762,0.00925771,11,5.066,0.79,45.7,0.017286652,"4","yes",NA,9.5,-10.27535073,-30.33740307,697873,5509371,49.70430912,-54.25562055
"45","Dara","Broadleaf.1.3",2022-06-13,"Broadleaf","Lingonberry",3,2.6,0.582262887,55.81558412,0.010431905,11,5.066,0.79,45.7,0.017286652,"4","yes",NA,9.5,-10.98998201,-29.05411139,697873,5509371,49.70430912,-54.25562055
"46","Dara","Broadleaf.1.3",2022-06-13,"Broadleaf","Lingonberry",4,2.377,0.599671521,54.7384967,0.010955206,11,5.066,0.79,45.7,0.017286652,"4","yes",NA,9.5,-8.892022261,-31.29407935,697873,5509371,49.70430912,-54.25562055
"47","Dara","Broadleaf.1.3",2022-06-13,"Broadleaf","Moss",1,2.573,0.771891718,47.73222158,0.016171293,11,5.066,0.79,45.7,0.017286652,"4","yes",NA,9.5,13.80606614,-31.22456083,697873,5509371,49.70430912,-54.25562055
"48","Dara","Broadleaf.1.3",2022-06-13,"Broadleaf","Moss",2,2.273,0.585785246,47.13463385,0.012427915,11,5.066,0.79,45.7,0.017286652,"4","yes",NA,9.5,51.45752811,-31.1078875,697873,5509371,49.70430912,-54.25562055
"49","Dara","Broadleaf.1.3",2022-06-13,"Broadleaf","Moss",3,2.131,0.633409069,47.15887183,0.013431387,11,5.066,0.79,45.7,0.017286652,"4","yes",NA,9.5,13.23899817,-30.60380259,697873,5509371,49.70430912,-54.25562055
"50","Dara","Broadleaf.1.3",2022-06-13,"Broadleaf","Moss",4,2.044,0.472143376,46.39400979,0.010176818,11,5.066,0.79,45.7,0.017286652,"4","yes",NA,9.5,11.55167135,-31.1708919,697873,5509371,49.70430912,-54.25562055
"51","Dara","Broadleaf.1.4",2022-06-13,"Broadleaf","Crowberry",1,2.345,0.920901259,57.8171293,0.015927827,11,5.498,0.76,34.14,0.022261277,"4","yes",NA,3.25,-6.894633571,-29.88700729,697873,5509371,49.70430912,-54.25562055
"52","Dara","Broadleaf.1.4",2022-06-13,"Broadleaf","Crowberry",2,2.401,0.724808158,56.16042612,0.01290603,11,5.498,0.76,34.14,0.022261277,"4","yes",NA,3.25,-7.357624625,-29.48449958,697873,5509371,49.70430912,-54.25562055
"53","Dara","Broadleaf.1.4",2022-06-13,"Broadleaf","Crowberry",3,2.384,0.877449053,56.63029871,0.015494339,11,5.498,0.76,34.14,0.022261277,"4","yes",NA,3.25,-8.599886123,-28.09812738,697873,5509371,49.70430912,-54.25562055
"54","Dara","Broadleaf.1.4",2022-06-13,"Broadleaf","Crowberry",4,2.686,0.784086783,60.39509036,0.012982625,11,5.498,0.76,34.14,0.022261277,"4","yes",NA,3.25,-3.206763963,-30.06443098,697873,5509371,49.70430912,-54.25562055
"55","Dara","Broadleaf.1.4",2022-06-13,"Broadleaf","Kalmia",1,2.655,1.088976772,59.33909584,0.018351759,11,5.498,0.76,34.14,0.022261277,"4","yes",NA,3.25,-10.86112935,-29.1480895,697873,5509371,49.70430912,-54.25562055
"56","Dara","Broadleaf.1.4",2022-06-13,"Broadleaf","Kalmia",2,2.077,1.153580922,56.67598584,0.020353963,11,5.498,0.76,34.14,0.022261277,"4","yes",NA,3.25,-11.14222746,-29.15492673,697873,5509371,49.70430912,-54.25562055
"57","Dara","Broadleaf.1.4",2022-06-13,"Broadleaf","Kalmia",3,2.234,1.124349427,58.47582153,0.019227595,11,5.498,0.76,34.14,0.022261277,"4","yes",NA,3.25,-11.72685499,-29.78608543,697873,5509371,49.70430912,-54.25562055
"58","Dara","Broadleaf.1.4",2022-06-13,"Broadleaf","Kalmia",4,2.374,1.164739853,58.82589665,0.019799781,11,5.498,0.76,34.14,0.022261277,"4","yes",NA,3.25,-8.906663751,-30.03149428,697873,5509371,49.70430912,-54.25562055
"59","Dara","Broadleaf.1.4",2022-06-13,"Broadleaf","Cladonia",1,4.018,0.143219977,45.49640697,0.00314794,11,5.498,0.76,34.14,0.022261277,"4","yes",NA,3.25,20.86774101,-25.54597539,697873,5509371,49.70430912,-54.25562055
"60","Dara","Broadleaf.1.4",2022-06-13,"Broadleaf","Cladonia",2,3.975,0.346288916,46.88973101,0.007385176,11,5.498,0.76,34.14,0.022261277,"4","yes",NA,3.25,7.311168295,-27.18548656,697873,5509371,49.70430912,-54.25562055
"61","Dara","Broadleaf.1.4",2022-06-13,"Broadleaf","Cladonia",3,4.248,0.390643039,47.42548127,0.008236986,11,5.498,0.76,34.14,0.022261277,"4","yes",NA,3.25,3.634309028,-27.2225181,697873,5509371,49.70430912,-54.25562055
"62","Dara","Broadleaf.1.4",2022-06-13,"Broadleaf","Cladonia",4,4.115,0.316675306,47.01122338,0.006736164,11,5.498,0.76,34.14,0.022261277,"4","yes",NA,3.25,14.16389874,-26.39628424,697873,5509371,49.70430912,-54.25562055
"63","Dara","Broadleaf.1.4",2022-06-13,"Broadleaf","Lingonberry",1,2.289,0.694653389,55.06956089,0.012614108,11,5.498,0.76,34.14,0.022261277,"4","yes",NA,3.25,-12.39915124,-30.41026053,697873,5509371,49.70430912,-54.25562055
"64","Dara","Broadleaf.1.4",2022-06-13,"Broadleaf","Lingonberry",2,2.325,0.562118686,56.51797764,0.009945839,11,5.498,0.76,34.14,0.022261277,"4","yes",NA,3.25,-13.25715481,-29.58607174,697873,5509371,49.70430912,-54.25562055
"65","Dara","Broadleaf.1.4",2022-06-13,"Broadleaf","Lingonberry",3,2.351,0.641004877,55.34796351,0.011581363,11,5.498,0.76,34.14,0.022261277,"4","yes",NA,3.25,-10.56148736,-30.6970273,697873,5509371,49.70430912,-54.25562055
"66","Dara","Broadleaf.1.4",2022-06-13,"Broadleaf","Lingonberry",4,2.017,0.721535662,51.41283007,0.014034156,11,5.498,0.76,34.14,0.022261277,"4","yes",NA,3.25,-12.17079543,-31.4058252,697873,5509371,49.70430912,-54.25562055
"67","Dara","Lichen.10.1",2022-06-16,"Lichen","Blueberry",1,2.472,2.273256181,49.66941724,0.045767724,11,5.303,0.54,18.37,0.029395754,"??",NA,NA,NA,-6.40354498,-29.52114726,702673,5508741,49.69705366,-54.18945769
"68","Dara","Lichen.10.1",2022-06-16,"Lichen","Blueberry",2,2.085,1.648790495,52.44583658,0.031437967,11,5.303,0.54,18.37,0.029395754,"??",NA,NA,NA,-7.480576553,-29.31449522,702673,5508741,49.69705366,-54.18945769
"69","Dara","Lichen.10.1",2022-06-16,"Lichen","Blueberry",3,1.997,1.94219024,50.36406711,0.038563014,11,5.303,0.54,18.37,0.029395754,"??",NA,NA,NA,-6.407145193,-28.74790658,702673,5508741,49.69705366,-54.18945769
"70","Dara","Lichen.10.1",2022-06-16,"Lichen","Blueberry",4,2.452,2.304485757,50.92277625,0.045254519,11,5.303,0.54,18.37,0.029395754,"??",NA,NA,NA,-6.57303064,-29.87062985,702673,5508741,49.69705366,-54.18945769
"71","Dara","Lichen.10.1",2022-06-16,"Lichen","Crowberry",1,2.19,0.945156197,54.820822,0.017240825,11,5.303,0.54,18.37,0.029395754,"??",NA,NA,NA,-5.108264898,-29.60087903,702673,5508741,49.69705366,-54.18945769
"72","Dara","Lichen.10.1",2022-06-16,"Lichen","Crowberry",2,2.191,0.720515051,55.12640295,0.013070235,11,5.303,0.54,18.37,0.029395754,"??",NA,NA,NA,-6.959982824,-29.93008947,702673,5508741,49.69705366,-54.18945769
"73","Dara","Lichen.10.1",2022-06-16,"Lichen","Crowberry",3,2.214,0.844764838,53.84349905,0.015689263,11,5.303,0.54,18.37,0.029395754,"??",NA,NA,NA,-9.178586154,-29.86734636,702673,5508741,49.69705366,-54.18945769
"74","Dara","Lichen.10.1",2022-06-16,"Lichen","Crowberry",4,2.088,0.714920855,50.87275004,0.01405312,11,5.303,0.54,18.37,0.029395754,"??",NA,NA,NA,-8.795928779,-29.57711083,702673,5508741,49.69705366,-54.18945769
"75","Dara","Lichen.10.1",2022-06-16,"Lichen","Kalmia",1,2.186,1.238105392,49.02449461,0.025254832,11,5.303,0.54,18.37,0.029395754,"??",NA,NA,NA,-10.07637616,-29.8386528,702673,5508741,49.69705366,-54.18945769
"76","Dara","Lichen.10.1",2022-06-16,"Lichen","Kalmia",2,2.28,1.201611839,52.42639414,0.022919979,11,5.303,0.54,18.37,0.029395754,"??",NA,NA,NA,-9.780025937,-29.99866599,702673,5508741,49.69705366,-54.18945769
"77","Dara","Lichen.10.1",2022-06-16,"Lichen","Kalmia",3,2.072,1.429881721,58.85025933,0.024296949,11,5.303,0.54,18.37,0.029395754,"??",NA,NA,NA,-8.188255655,-31.22865635,702673,5508741,49.69705366,-54.18945769
"78","Dara","Lichen.10.1",2022-06-16,"Lichen","Cladonia",1,4.098,0.289064615,43.54127147,0.006638865,11,5.303,0.54,18.37,0.029395754,"??",NA,NA,NA,1.825825073,-27.06711575,702673,5508741,49.69705366,-54.18945769
"79","Dara","Lichen.10.1",2022-06-16,"Lichen","Cladonia",2,3.992,0.290600743,43.19688939,0.006727353,11,5.303,0.54,18.37,0.029395754,"??",NA,NA,NA,5.412317204,-26.84881214,702673,5508741,49.69705366,-54.18945769
"80","Dara","Lichen.10.1",2022-06-16,"Lichen","Cladonia",3,3.878,0.352354323,43.66550568,0.008069398,11,5.303,0.54,18.37,0.029395754,"??",NA,NA,NA,5.693028685,-27.08107579,702673,5508741,49.69705366,-54.18945769
"81","Dara","Lichen.10.1",2022-06-16,"Lichen","Cladonia",4,3.917,0.386656753,43.17510963,0.008955548,11,5.303,0.54,18.37,0.029395754,"??",NA,NA,NA,0.27107515,-26.92969366,702673,5508741,49.69705366,-54.18945769
"82","Dara","Lichen.10.2",2022-06-16,"Lichen","Blueberry",1,2.231,1.108925433,52.80713587,0.020999538,11,5.285,0.73,32.52,0.022447724,"??",NA,NA,NA,-4.252191284,-30.07249798,702673,5508741,49.69705366,-54.18945769
"83","Dara","Lichen.10.2",2022-06-16,"Lichen","Blueberry",2,2.235,1.528517952,52.77547607,0.028962656,11,5.285,0.73,32.52,0.022447724,"??",NA,NA,NA,-2.248918611,-29.43870029,702673,5508741,49.69705366,-54.18945769
"84","Dara","Lichen.10.2",2022-06-16,"Lichen","Blueberry",3,2.041,1.900759528,51.03658087,0.037243081,11,5.285,0.73,32.52,0.022447724,"??",NA,NA,NA,-2.353390029,-28.26664343,702673,5508741,49.69705366,-54.18945769
"85","Dara","Lichen.10.2",2022-06-16,"Lichen","Blueberry",4,2.042,2.271888396,47.31969208,0.048011479,11,5.285,0.73,32.52,0.022447724,"??",NA,NA,NA,-0.850725222,-28.49265631,702673,5508741,49.69705366,-54.18945769
"86","Dara","Lichen.10.2",2022-06-16,"Lichen","Crowberry",1,2.075,0.704082515,54.10797206,0.013012547,11,5.285,0.73,32.52,0.022447724,"??",NA,NA,NA,-3.472873129,-29.39424817,702673,5508741,49.69705366,-54.18945769
"87","Dara","Lichen.10.2",2022-06-16,"Lichen","Crowberry",2,2.318,0.544054298,54.61137358,0.009962289,11,5.285,0.73,32.52,0.022447724,"??",NA,NA,NA,-1.021901729,-29.79559742,702673,5508741,49.69705366,-54.18945769
"88","Dara","Lichen.10.2",2022-06-16,"Lichen","Crowberry",3,2.026,0.685846918,54.12701365,0.012671065,11,5.285,0.73,32.52,0.022447724,"??",NA,NA,NA,-7.155389631,-28.31104484,702673,5508741,49.69705366,-54.18945769
"89","Dara","Lichen.10.2",2022-06-16,"Lichen","Crowberry",4,2.175,0.605123939,54.17051095,0.011170726,11,5.285,0.73,32.52,0.022447724,"??",NA,NA,NA,-2.10399176,-30.40193849,702673,5508741,49.69705366,-54.18945769
"90","Dara","Lichen.10.2",2022-06-16,"Lichen","Kalmia",1,2.497,1.133047064,51.10447594,0.02217119,11,5.285,0.73,32.52,0.022447724,"??",NA,NA,NA,-7.919884441,-29.80034401,702673,5508741,49.69705366,-54.18945769
"91","Dara","Lichen.10.2",2022-06-16,"Lichen","Kalmia",2,2.075,1.004427038,54.90016383,0.01829552,11,5.285,0.73,32.52,0.022447724,"??",NA,NA,NA,-11.93150535,-30.8468586,702673,5508741,49.69705366,-54.18945769
"92","Dara","Lichen.10.2",2022-06-16,"Lichen","Kalmia",3,2.13,1.198802496,53.62195125,0.022356562,11,5.285,0.73,32.52,0.022447724,"??",NA,NA,NA,-8.691184044,-30.43355678,702673,5508741,49.69705366,-54.18945769
"93","Dara","Lichen.10.2",2022-06-16,"Lichen","Kalmia",4,2.073,0.988583058,53.65168208,0.018425947,11,5.285,0.73,32.52,0.022447724,"??",NA,NA,NA,-10.66183915,-31.04572718,702673,5508741,49.69705366,-54.18945769
"94","Dara","Lichen.10.2",2022-06-16,"Lichen","Cladonia",1,3.983,0.217284232,42.86972597,0.005068477,11,5.285,0.73,32.52,0.022447724,"??",NA,NA,NA,-0.82696703,-28.5160184,702673,5508741,49.69705366,-54.18945769
"95","Dara","Lichen.10.2",2022-06-16,"Lichen","Cladonia",2,3.848,0.18957482,42.40449858,0.00447063,11,5.285,0.73,32.52,0.022447724,"??",NA,NA,NA,0.738016899,-27.85217379,702673,5508741,49.69705366,-54.18945769
"96","Dara","Lichen.10.2",2022-06-16,"Lichen","Cladonia",3,3.936,0.205766677,42.89661704,0.004796804,11,5.285,0.73,32.52,0.022447724,"??",NA,NA,NA,2.402307494,-28.14521766,702673,5508741,49.69705366,-54.18945769
"97","Dara","Lichen.10.2",2022-06-16,"Lichen","Cladonia",4,3.778,0.312802737,42.93427319,0.007285619,11,5.285,0.73,32.52,0.022447724,"??",NA,NA,NA,-1.902841443,-28.5163757,702673,5508741,49.69705366,-54.18945769
"98","Dara","Lichen.10.2",2022-06-16,"Lichen","Lingonberry",1,2.068,0.651985561,50.75227826,0.012846429,11,5.285,0.73,32.52,0.022447724,"??",NA,NA,NA,-6.134473424,-30.00781881,702673,5508741,49.69705366,-54.18945769
"99","Dara","Lichen.10.2",2022-06-16,"Lichen","Lingonberry",2,2.08,0.656654269,51.70210197,0.012700727,11,5.285,0.73,32.52,0.022447724,"??",NA,NA,NA,-7.688626143,-29.74037995,702673,5508741,49.69705366,-54.18945769
"100","Dara","Lichen.10.2",2022-06-16,"Lichen","Lingonberry",3,2.15,0.734574354,49.50817783,0.014837435,11,5.285,0.73,32.52,0.022447724,"??",NA,NA,NA,-6.851509737,-29.0174534,702673,5508741,49.69705366,-54.18945769
"101","Dara","Lichen.10.2",2022-06-16,"Lichen","Lingonberry",4,2.089,0.541920822,51.28085846,0.010567702,11,5.285,0.73,32.52,0.022447724,"??",NA,NA,NA,-11.47406301,-29.48293907,702673,5508741,49.69705366,-54.18945769
"102","Dara","Lichen.10.3",2022-06-16,"Lichen","Blueberry",1,2.34,2.043927915,49.24554505,0.041504829,11,5.499,0.2,5.2,0.038461538,"??",NA,NA,NA,-4.917029478,-29.60798903,702673,5508741,49.69705366,-54.18945769
"103","Dara","Lichen.10.3",2022-06-16,"Lichen","Blueberry",2,2.412,2.111154787,53.21583731,0.039671551,11,5.499,0.2,5.2,0.038461538,"??",NA,NA,NA,-7.055983865,-30.21115498,702673,5508741,49.69705366,-54.18945769
"104","Dara","Lichen.10.3",2022-06-16,"Lichen","Blueberry",3,2.236,1.679357347,47.40975777,0.035422188,11,5.499,0.2,5.2,0.038461538,"??",NA,NA,NA,-6.652568465,-30.38345969,702673,5508741,49.69705366,-54.18945769
"105","Dara","Lichen.10.3",2022-06-16,"Lichen","Blueberry",4,2.236,2.288350315,50.71762243,0.045119432,11,5.499,0.2,5.2,0.038461538,"??",NA,NA,NA,-2.016664612,-29.91856385,702673,5508741,49.69705366,-54.18945769
"106","Dara","Lichen.10.3",2022-06-16,"Lichen","Crowberry",1,2.141,0.983177891,53.79046884,0.01827792,11,5.499,0.2,5.2,0.038461538,"??",NA,NA,NA,-2.640338112,-29.177176,702673,5508741,49.69705366,-54.18945769
"107","Dara","Lichen.10.3",2022-06-16,"Lichen","Crowberry",2,2.54,0.795790208,56.62887389,0.014052729,11,5.499,0.2,5.2,0.038461538,"??",NA,NA,NA,-3.814787997,-29.51628526,702673,5508741,49.69705366,-54.18945769
"108","Dara","Lichen.10.3",2022-06-16,"Lichen","Crowberry",3,2.357,0.730882368,56.41363006,0.012955776,11,5.499,0.2,5.2,0.038461538,"??",NA,NA,NA,-6.418273115,-29.88338802,702673,5508741,49.69705366,-54.18945769
"109","Dara","Lichen.10.3",2022-06-16,"Lichen","Crowberry",4,2.187,0.778519283,54.49034932,0.014287287,11,5.499,0.2,5.2,0.038461538,"??",NA,NA,NA,-6.603997282,-30.13242886,702673,5508741,49.69705366,-54.18945769
"110","Dara","Lichen.10.3",2022-06-16,"Lichen","Kalmia",1,2.059,1.093924554,52.36933705,0.020888646,11,5.499,0.2,5.2,0.038461538,"??",NA,NA,NA,-6.926084627,-30.098095,702673,5508741,49.69705366,-54.18945769
"111","Dara","Lichen.10.3",2022-06-16,"Lichen","Kalmia",2,2.179,1.103030469,53.91644188,0.020458147,11,5.499,0.2,5.2,0.038461538,"??",NA,NA,NA,-8.704861246,-30.18132214,702673,5508741,49.69705366,-54.18945769
"112","Dara","Lichen.10.3",2022-06-16,"Lichen","Kalmia",2,2.17,1.466592057,51.62991412,0.028405859,11,5.499,0.2,5.2,0.038461538,"??",NA,NA,NA,-7.795650538,-29.56740846,702673,5508741,49.69705366,-54.18945769
"113","Dara","Lichen.10.3",2022-06-16,"Lichen","Kalmia",4,2.382,1.47538611,50.44363303,0.029248213,11,5.499,0.2,5.2,0.038461538,"??",NA,NA,NA,-8.436468682,-28.05375131,702673,5508741,49.69705366,-54.18945769
"114","Dara","Lichen.10.3",2022-06-16,"Lichen","Cladonia",1,4.135,0.283787289,43.23071066,0.006564484,11,5.499,0.2,5.2,0.038461538,"??",NA,NA,NA,-1.901208283,-28.01975376,702673,5508741,49.69705366,-54.18945769
"115","Dara","Lichen.10.3",2022-06-16,"Lichen","Cladonia",2,3.818,0.243464176,43.02518668,0.005658643,11,5.499,0.2,5.2,0.038461538,"??",NA,NA,NA,-0.888194581,-27.40143858,702673,5508741,49.69705366,-54.18945769
"116","Dara","Lichen.10.3",2022-06-16,"Lichen","Cladonia",3,2.146,0.26602327,42.06531085,0.006324053,11,5.499,0.2,5.2,0.038461538,"??",NA,NA,NA,-3.146462918,-27.80810714,702673,5508741,49.69705366,-54.18945769
"117","Dara","Lichen.10.3",2022-06-16,"Lichen","Cladonia",4,4.261,0.265526915,43.35396711,0.006124628,11,5.499,0.2,5.2,0.038461538,"??",NA,NA,NA,-0.665667849,-28.99088886,702673,5508741,49.69705366,-54.18945769
"118","Dara","Lichen.10.3",2022-06-16,"Lichen","Lingonberry",1,2.37,0.637370621,51.03355343,0.012489246,11,5.499,0.2,5.2,0.038461538,"??",NA,NA,NA,-10.37613255,-30.69496068,702673,5508741,49.69705366,-54.18945769
"119","Dara","Lichen.10.3",2022-06-16,"Lichen","Lingonberry",2,2.488,0.63360557,51.36726356,0.012334813,11,5.499,0.2,5.2,0.038461538,"??",NA,NA,NA,-9.08212589,-31.87897873,702673,5508741,49.69705366,-54.18945769
"120","Dara","Lichen.10.3",2022-06-16,"Lichen","Lingonberry",3,2.205,0.485508235,51.57152245,0.00941427,11,5.499,0.2,5.2,0.038461538,"??",NA,NA,NA,-7.642907879,-31.20854511,702673,5508741,49.69705366,-54.18945769
"121","Dara","Lichen.10.3",2022-06-16,"Lichen","Lingonberry",4,2.156,0.59809034,50.04296479,0.011951537,11,5.499,0.2,5.2,0.038461538,"??",NA,NA,NA,-8.984273208,-31.93010708,702673,5508741,49.69705366,-54.18945769
"122","Dara","Lichen.10.4",2022-06-16,"Lichen","Blueberry",1,2.13,2.949146718,51.27303451,0.057518474,11,5.151,0.71,19.6,0.03622449,"??",NA,NA,NA,-2.14081456,-29.17177001,702673,5508741,49.69705366,-54.18945769
"123","Dara","Lichen.10.4",2022-06-16,"Lichen","Blueberry",2,2.479,2.855537758,50.02505507,0.057082151,11,5.151,0.71,19.6,0.03622449,"??",NA,NA,NA,-2.937229986,-29.38763175,702673,5508741,49.69705366,-54.18945769
"124","Dara","Lichen.10.4",2022-06-16,"Lichen","Blueberry",3,2.338,1.235063985,55.94876152,0.022074912,11,5.151,0.71,19.6,0.03622449,"??",NA,NA,NA,-7.850084523,-31.61053814,702673,5508741,49.69705366,-54.18945769
"125","Dara","Lichen.10.4",2022-06-16,"Lichen","Blueberry",4,2.237,2.272063447,52.40370636,0.043356923,11,5.151,0.71,19.6,0.03622449,"??",NA,NA,NA,-4.741735348,-30.71118131,702673,5508741,49.69705366,-54.18945769
"126","Dara","Lichen.10.4",2022-06-16,"Lichen","Crowberry",1,2.52,0.733087898,57.19712675,0.012816866,11,5.151,0.71,19.6,0.03622449,"??",NA,NA,NA,-7.584824512,-29.78494993,702673,5508741,49.69705366,-54.18945769
"127","Dara","Lichen.10.4",2022-06-16,"Lichen","Crowberry",2,2.022,0.599789449,57.0399065,0.01051526,11,5.151,0.71,19.6,0.03622449,"??",NA,NA,NA,-2.645657516,-28.51093842,702673,5508741,49.69705366,-54.18945769
"128","Dara","Lichen.10.4",2022-06-16,"Lichen","Crowberry",3,2.15,0.549091138,54.42655908,0.010088662,11,5.151,0.71,19.6,0.03622449,"??",NA,NA,NA,-3.816270278,-29.49433983,702673,5508741,49.69705366,-54.18945769
"129","Dara","Lichen.10.4",2022-06-16,"Lichen","Crowberry",4,1.112,1.395436074,101.349342,0.013768576,11,5.151,0.71,19.6,0.03622449,"??",NA,NA,NA,-8.068715691,-29.71446857,702673,5508741,49.69705366,-54.18945769
"130","Dara","Lichen.10.4",2022-06-16,"Lichen","Kalmia",1,2,1.590612622,51.29929505,0.03100652,11,5.151,0.71,19.6,0.03622449,"??",NA,NA,NA,-7.928221973,-29.8066137,702673,5508741,49.69705366,-54.18945769
"131","Dara","Lichen.10.4",2022-06-16,"Lichen","Kalmia",2,2.207,1.518438378,51.6064477,0.029423424,11,5.151,0.71,19.6,0.03622449,"??",NA,NA,NA,-7.735308913,-28.71487655,702673,5508741,49.69705366,-54.18945769
"132","Dara","Lichen.10.4",2022-06-16,"Lichen","Kalmia",3,2.3,1.498444641,53.04577877,0.028248141,11,5.151,0.71,19.6,0.03622449,"??",NA,NA,NA,-7.036227081,-28.72436868,702673,5508741,49.69705366,-54.18945769
"133","Dara","Lichen.10.4",2022-06-16,"Lichen","Kalmia",4,2.089,1.581714809,51.25662927,0.030858736,11,5.151,0.71,19.6,0.03622449,"??",NA,NA,NA,-6.770707892,-28.39598566,702673,5508741,49.69705366,-54.18945769
"134","Dara","Lichen.10.4",2022-06-16,"Lichen","Cladonia",1,4.153,0.209557458,43.95407708,0.004767646,11,5.151,0.71,19.6,0.03622449,"??",NA,NA,NA,1.451722,-28.13878274,702673,5508741,49.69705366,-54.18945769
"135","Dara","Lichen.10.4",2022-06-16,"Lichen","Cladonia",2,4.155,0.248711987,43.00577167,0.005783223,11,5.151,0.71,19.6,0.03622449,"??",NA,NA,NA,6.473326667,-28.08519451,702673,5508741,49.69705366,-54.18945769
"136","Dara","Lichen.10.4",2022-06-16,"Lichen","Cladonia",3,4.326,0.352559634,43.35804254,0.008131355,11,5.151,0.71,19.6,0.03622449,"??",NA,NA,NA,5.189286996,-29.50159901,702673,5508741,49.69705366,-54.18945769
"137","Dara","Lichen.10.4",2022-06-16,"Lichen","Cladonia",4,4.218,0.291438993,43.48920054,0.006701411,11,5.151,0.71,19.6,0.03622449,"??",NA,NA,NA,2.237219489,-28.92024982,702673,5508741,49.69705366,-54.18945769
"138","Dara","Lichen.10.4",2022-06-16,"Lichen","Lingonberry",1,2.384,0.593654396,52.42315876,0.011324277,11,5.151,0.71,19.6,0.03622449,"??",NA,NA,NA,-5.171934079,-29.49573456,702673,5508741,49.69705366,-54.18945769
"139","Dara","Lichen.10.4",2022-06-16,"Lichen","Lingonberry",2,2.293,0.532061,51.28340076,0.010374916,11,5.151,0.71,19.6,0.03622449,"??",NA,NA,NA,-6.53048478,-30.17401791,702673,5508741,49.69705366,-54.18945769
"140","Dara","Lichen.10.4",2022-06-16,"Lichen","Lingonberry",3,2.395,0.553178014,51.41426509,0.010759232,11,5.151,0.71,19.6,0.03622449,"??",NA,NA,NA,-10.54149112,-30.67927143,702673,5508741,49.69705366,-54.18945769
"141","Dara","Lichen.10.4",2022-06-16,"Lichen","Lingonberry",4,2.281,0.428693184,51.29567362,0.008357297,11,5.151,0.71,19.6,0.03622449,"??",NA,NA,NA,-5.416410475,-30.70013716,702673,5508741,49.69705366,-54.18945769
"142","Dara","Rocky.4.1",2022-06-13,"Rocky","Kalmia",1,2.262,1.162854268,57.08976892,0.020368873,10,5.413,0.85,31.4,0.027070064,"3","yes",NA,10,-9.232696816,-29.68785166,698843,5508351,49.69482594,-54.24270262
"143","Dara","Rocky.4.1",2022-06-13,"Rocky","Kalmia",2,2.293,1.040250935,53.03290536,0.019615198,10,5.413,0.85,31.4,0.027070064,"3","yes",NA,10,-6.242933066,-30.27340499,698843,5508351,49.69482594,-54.24270262
"144","Dara","Rocky.4.1",2022-06-13,"Rocky","Kalmia",3,2.27,1.11901238,60.42505059,0.018519014,10,5.413,0.85,31.4,0.027070064,"3","yes",NA,10,-6.96586756,-28.15613677,698843,5508351,49.69482594,-54.24270262
"145","Dara","Rocky.4.1",2022-06-13,"Rocky","Kalmia",4,2.325,1.18962206,57.51317233,0.020684341,10,5.413,0.85,31.4,0.027070064,"3","yes",NA,10,-5.641313941,-29.96940512,698843,5508351,49.69482594,-54.24270262
"146","Dara","Rocky.4.1",2022-06-13,"Rocky","Cladonia",1,3.881,0.30226627,48.00158226,0.006297006,10,5.413,0.85,31.4,0.027070064,"3","yes",NA,10,29.55035071,-27.69010692,698843,5508351,49.69482594,-54.24270262
"147","Dara","Rocky.4.1",2022-06-13,"Rocky","Cladonia",2,4.27,0.257847523,48.17437391,0.005352379,10,5.413,0.85,31.4,0.027070064,"3","yes",NA,10,31.00396146,-26.33149061,698843,5508351,49.69482594,-54.24270262
"148","Dara","Rocky.4.1",2022-06-13,"Rocky","Cladonia",3,3.77,0.340288515,47.5369988,0.007158393,10,5.413,0.85,31.4,0.027070064,"3","yes",NA,10,35.09941647,-27.44899266,698843,5508351,49.69482594,-54.24270262
"149","Dara","Rocky.4.1",2022-06-13,"Rocky","Cladonia",4,3.747,0.225728277,46.44851842,0.004859752,10,5.413,0.85,31.4,0.027070064,"3","yes",NA,10,14.38423882,-27.89694916,698843,5508351,49.69482594,-54.24270262
"150","Dara","Rocky.4.1",2022-06-13,"Rocky","Lingonberry",1,2.055,1.048295693,53.5659837,0.019570175,10,5.413,0.85,31.4,0.027070064,"3","yes",NA,10,-4.858349544,-30.34073639,698843,5508351,49.69482594,-54.24270262
"151","Dara","Rocky.4.1",2022-06-13,"Rocky","Lingonberry",2,2.54,0.478354451,47.07883676,0.010160711,10,5.413,0.85,31.4,0.027070064,"3","yes",NA,10,-11.95753329,-31.26273066,698843,5508351,49.69482594,-54.24270262
"152","Dara","Rocky.4.1",2022-06-13,"Rocky","Lingonberry",3,2.453,0.727742195,55.86130585,0.013027662,10,5.413,0.85,31.4,0.027070064,"3","yes",NA,10,-10.6593399,-29.29713851,698843,5508351,49.69482594,-54.24270262
"153","Dara","Rocky.4.1",2022-06-13,"Rocky","Lingonberry",4,2.417,0.852862145,55.31131313,0.015419307,10,5.413,0.85,31.4,0.027070064,"3","yes",NA,10,-10.6783272,-30.22084761,698843,5508351,49.69482594,-54.24270262
"154","Dara","Rocky.4.2",2022-06-13,"Rocky","Kalmia",1,2.575,1.099909271,58.09036175,0.018934454,10,5.22,1.07,45.42,0.023557904,"3","yes",NA,8.333333333,-7.387078118,-31.25716981,698843,5508351,49.69482594,-54.24270262
"155","Dara","Rocky.4.2",2022-06-13,"Rocky","Kalmia",2,2.329,0.883026471,58.00869866,0.015222311,10,5.22,1.07,45.42,0.023557904,"3","yes",NA,8.333333333,-4.104561448,-30.36206109,698843,5508351,49.69482594,-54.24270262
"156","Dara","Rocky.4.2",2022-06-13,"Rocky","Kalmia",3,2.064,0.778699724,52.18143387,0.014922927,10,5.22,1.07,45.42,0.023557904,"3","yes",NA,8.333333333,-9.071829023,-30.47571453,698843,5508351,49.69482594,-54.24270262
"157","Dara","Rocky.4.2",2022-06-13,"Rocky","Kalmia",4,2.688,0.842369613,58.64082298,0.014364901,10,5.22,1.07,45.42,0.023557904,"3","yes",NA,8.333333333,-10.82266495,-31.0944638,698843,5508351,49.69482594,-54.24270262
"158","Dara","Rocky.4.2",2022-06-13,"Rocky","Cladonia",1,3.883,0.284777004,47.24968363,0.006027067,10,5.22,1.07,45.42,0.023557904,"3","yes",NA,8.333333333,34.25534873,-27.55978079,698843,5508351,49.69482594,-54.24270262
"159","Dara","Rocky.4.2",2022-06-13,"Rocky","Cladonia",2,4.132,0.243934813,47.87305563,0.005095451,10,5.22,1.07,45.42,0.023557904,"3","yes",NA,8.333333333,36.66232423,-27.70903578,698843,5508351,49.69482594,-54.24270262
"160","Dara","Rocky.4.2",2022-06-13,"Rocky","Cladonia",3,3.969,0.257648618,47.72945537,0.005398105,10,5.22,1.07,45.42,0.023557904,"3","yes",NA,8.333333333,18.75117544,-27.06362998,698843,5508351,49.69482594,-54.24270262
"161","Dara","Rocky.4.3",2022-06-13,"Rocky","Kalmia",1,2.114,1.32437973,57.43914193,0.023057095,11,5.163,1.18,51.66,0.022841657,"4","yes",NA,5,-7.213780424,-29.2123743,698843,5508351,49.69482594,-54.24270262
"162","Dara","Rocky.4.3",2022-06-13,"Rocky","Kalmia",2,2.402,1.037618342,56.79085084,0.018270872,11,5.163,1.18,51.66,0.022841657,"4","yes",NA,5,-8.265455874,-29.46573822,698843,5508351,49.69482594,-54.24270262
"163","Dara","Rocky.4.3",2022-06-13,"Rocky","Kalmia",3,2.032,1.086467858,56.99624096,0.019062097,11,5.163,1.18,51.66,0.022841657,"4","yes",NA,5,-10.25136504,-29.96210981,698843,5508351,49.69482594,-54.24270262
"164","Dara","Rocky.4.3",2022-06-13,"Rocky","Kalmia",4,2.388,1.102470173,56.92877269,0.019365782,11,5.163,1.18,51.66,0.022841657,"4","yes",NA,5,-7.904262031,-29.11873838,698843,5508351,49.69482594,-54.24270262
"165","Dara","Rocky.4.3",2022-06-13,"Rocky","Cladonia",1,4.065,0.239422239,47.23746243,0.005068482,11,5.163,1.18,51.66,0.022841657,"4","yes",NA,5,42.76643932,-27.35223136,698843,5508351,49.69482594,-54.24270262
"166","Dara","Rocky.4.3",2022-06-13,"Rocky","Cladonia",2,4.118,0.361508861,47.91711536,0.007544462,11,5.163,1.18,51.66,0.022841657,"4","yes",NA,5,17.61444142,-28.19607583,698843,5508351,49.69482594,-54.24270262
"167","Dara","Rocky.4.3",2022-06-13,"Rocky","Cladonia",3,3.951,0.255069017,47.29485041,0.005393167,11,5.163,1.18,51.66,0.022841657,"4","yes",NA,5,43.95954137,-27.22391672,698843,5508351,49.69482594,-54.24270262
"168","Dara","Rocky.4.3",2022-06-13,"Rocky","Cladonia",4,4.054,0.294165159,48.04275961,0.006122986,11,5.163,1.18,51.66,0.022841657,"4","yes",NA,5,26.02735633,-27.38798426,698843,5508351,49.69482594,-54.24270262
"169","Dara","Rocky.4.4",2022-06-13,"Rocky","Kalmia",1,2.205,1.002235951,53.71060408,0.018659927,11,5.111,0.82,37.64,0.021785335,"4","yes",NA,3.6,-8.355928642,-29.47745111,698843,5508351,49.69482594,-54.24270262
"170","Dara","Rocky.4.4",2022-06-13,"Rocky","Kalmia",2,2.429,1.316562504,58.41250656,0.022539052,11,5.111,0.82,37.64,0.021785335,"4","yes",NA,3.6,-8.529133016,-30.20542525,698843,5508351,49.69482594,-54.24270262
"171","Dara","Rocky.4.4",2022-06-13,"Rocky","Kalmia",3,2.411,1.07576799,56.33289688,0.019096621,11,5.111,0.82,37.64,0.021785335,"4","yes",NA,3.6,-6.867017799,-28.88440427,698843,5508351,49.69482594,-54.24270262
"172","Dara","Rocky.4.4",2022-06-13,"Rocky","Kalmia",4,2.23,1.195739994,56.85054279,0.021033044,11,5.111,0.82,37.64,0.021785335,"4","yes",NA,3.6,-9.206976684,-28.77261907,698843,5508351,49.69482594,-54.24270262
"173","Dara","Rocky.4.4",2022-06-13,"Rocky","Cladonia",1,3.943,0.360883756,47.06782679,0.007667313,11,5.111,0.82,37.64,0.021785335,"4","yes",NA,3.6,13.56700456,-27.30849287,698843,5508351,49.69482594,-54.24270262
"174","Dara","Rocky.4.4",2022-06-13,"Rocky","Cladonia",2,4.15,0.330062716,47.70136859,0.006919355,11,5.111,0.82,37.64,0.021785335,"4","yes",NA,3.6,18.02340614,-27.91297338,698843,5508351,49.69482594,-54.24270262
"175","Dara","Rocky.4.4",2022-06-13,"Rocky","Cladonia",3,4.055,0.284534137,47.45058844,0.00599643,11,5.111,0.82,37.64,0.021785335,"4","yes",NA,3.6,8.798731541,-26.8263532,698843,5508351,49.69482594,-54.24270262
"176","Dara","Rocky.4.4",2022-06-13,"Rocky","Cladonia",4,4.355,0.224420062,47.13299487,0.004761422,11,5.111,0.82,37.64,0.021785335,"4","yes",NA,3.6,32.29766825,-26.96460473,698843,5508351,49.69482594,-54.24270262
"177","Dara","Lichen.14.1",2022-06-14,"Lichen","Blueberry",1,2.583,2.820127868,54.3865151,0.051853439,10,5.232,0.4,17.61,0.022714367,"4","yes","yes",3.666666667,-0.300349123,-27.93848538,696083,5504111,49.65763639,-54.28305366
"178","Dara","Lichen.14.1",2022-06-14,"Lichen","Blueberry",2,2.324,2.430211739,53.70773386,0.045248823,10,5.232,0.4,17.61,0.022714367,"4","yes","yes",3.666666667,-8.407392147,-29.33674814,696083,5504111,49.65763639,-54.28305366
"179","Dara","Lichen.14.1",2022-06-14,"Lichen","Blueberry",3,2.03,2.438413376,53.77240222,0.04534693,10,5.232,0.4,17.61,0.022714367,"4","yes","yes",3.666666667,4.029071696,-28.20485374,696083,5504111,49.65763639,-54.28305366
"180","Dara","Lichen.14.1",2022-06-14,"Lichen","Blueberry",4,2.242,1.638361494,51.29615329,0.031939266,10,5.232,0.4,17.61,0.022714367,"4","yes","yes",3.666666667,-7.267714946,-29.84129006,696083,5504111,49.65763639,-54.28305366
"181","Dara","Lichen.14.1",2022-06-14,"Lichen","Crowberry",1,2.283,0.696489167,58.31917149,0.011942714,10,5.232,0.4,17.61,0.022714367,"4","yes","yes",3.666666667,0.315841916,-29.10024525,696083,5504111,49.65763639,-54.28305366
"182","Dara","Lichen.14.1",2022-06-14,"Lichen","Crowberry",2,2.339,0.899743634,57.84548386,0.015554259,10,5.232,0.4,17.61,0.022714367,"4","yes","yes",3.666666667,0.97846589,-29.53529456,696083,5504111,49.65763639,-54.28305366
"183","Dara","Lichen.14.1",2022-06-14,"Lichen","Crowberry",3,2.291,0.593535363,58.23743458,0.010191647,10,5.232,0.4,17.61,0.022714367,"4","yes","yes",3.666666667,1.430853562,-29.1550261,696083,5504111,49.65763639,-54.28305366
"184","Dara","Lichen.14.1",2022-06-14,"Lichen","Crowberry",4,2.343,0.822508808,57.56169526,0.014289169,10,5.232,0.4,17.61,0.022714367,"4","yes","yes",3.666666667,2.174591049,-28.85959553,696083,5504111,49.65763639,-54.28305366
"185","Dara","Lichen.14.1",2022-06-14,"Lichen","Kalmia",1,2.154,1.124144559,57.53077213,0.019539883,10,5.232,0.4,17.61,0.022714367,"4","yes","yes",3.666666667,-8.975185963,-28.91629766,696083,5504111,49.65763639,-54.28305366
"186","Dara","Lichen.14.1",2022-06-14,"Lichen","Kalmia",2,2.321,0.842783615,57.57041869,0.014639178,10,5.232,0.4,17.61,0.022714367,"4","yes","yes",3.666666667,-12.45219707,-30.88588031,696083,5504111,49.65763639,-54.28305366
"187","Dara","Lichen.14.1",2022-06-14,"Lichen","Kalmia",3,2.427,1.122776599,53.31276502,0.021060183,10,5.232,0.4,17.61,0.022714367,"4","yes","yes",3.666666667,-5.074515694,-29.62554155,696083,5504111,49.65763639,-54.28305366
"188","Dara","Lichen.14.1",2022-06-14,"Lichen","Kalmia",4,2.406,1.258698205,58.20676982,0.021624602,10,5.232,0.4,17.61,0.022714367,"4","yes","yes",3.666666667,-6.38337861,-28.84506808,696083,5504111,49.65763639,-54.28305366
"189","Dara","Lichen.14.1",2022-06-14,"Lichen","Cladonia",1,4.122,0.132086264,46.48225274,0.002841649,10,5.232,0.4,17.61,0.022714367,"4","yes","yes",3.666666667,22.8196403,-26.96686871,696083,5504111,49.65763639,-54.28305366
"190","Dara","Lichen.14.1",2022-06-14,"Lichen","Cladonia",2,4.015,0.218457529,48.13335828,0.004538589,10,5.232,0.4,17.61,0.022714367,"4","yes","yes",3.666666667,18.54322981,-26.77303196,696083,5504111,49.65763639,-54.28305366
"191","Dara","Lichen.14.1",2022-06-14,"Lichen","Cladonia",3,3.795,0.332425541,47.57088403,0.006988004,10,5.232,0.4,17.61,0.022714367,"4","yes","yes",3.666666667,6.999637691,-26.57958131,696083,5504111,49.65763639,-54.28305366
"192","Dara","Lichen.14.1",2022-06-14,"Lichen","Cladonia",4,4.144,0.224302931,47.20863499,0.004751312,10,5.232,0.4,17.61,0.022714367,"4","yes","yes",3.666666667,6.354208313,-26.78504896,696083,5504111,49.65763639,-54.28305366
"193","Dara","Lichen.14.2",2022-06-14,"Lichen","Blueberry",1,2.473,0.961798232,47.57152149,0.020217941,10,5.184,0.84,37.02,0.022690438,"4","yes",NA,8,-3.309222655,-29.06666588,696083,5504111,49.65763639,-54.28305366
"194","Dara","Lichen.14.2",2022-06-14,"Lichen","Blueberry",2,2.428,1.837703183,53.772435,0.034175562,10,5.184,0.84,37.02,0.022690438,"4","yes",NA,8,1.108523035,-28.68521188,696083,5504111,49.65763639,-54.28305366
"195","Dara","Lichen.14.2",2022-06-14,"Lichen","Blueberry",3,2.39,3.212715823,51.98103176,0.061805542,10,5.184,0.84,37.02,0.022690438,"4","yes",NA,8,-1.576735607,-28.14913652,696083,5504111,49.65763639,-54.28305366
"196","Dara","Lichen.14.2",2022-06-14,"Lichen","Blueberry",4,2.117,3.124412629,52.33236994,0.059703251,10,5.184,0.84,37.02,0.022690438,"4","yes",NA,8,3.59650088,-28.07878159,696083,5504111,49.65763639,-54.28305366
"197","Dara","Lichen.14.2",2022-06-14,"Lichen","Crowberry",1,2.423,0.445564813,59.13161604,0.007535137,10,5.184,0.84,37.02,0.022690438,"4","yes",NA,8,12.4984079,-29.14897501,696083,5504111,49.65763639,-54.28305366
"198","Dara","Lichen.14.2",2022-06-14,"Lichen","Crowberry",2,2.297,0.588125638,57.5688855,0.010216033,10,5.184,0.84,37.02,0.022690438,"4","yes",NA,8,13.13787221,-29.04645484,696083,5504111,49.65763639,-54.28305366
"199","Dara","Lichen.14.2",2022-06-14,"Lichen","Crowberry",3,2.297,0.460946203,60.14380444,0.007664068,10,5.184,0.84,37.02,0.022690438,"4","yes",NA,8,3.766506542,-30.62492868,696083,5504111,49.65763639,-54.28305366
"200","Dara","Lichen.14.2",2022-06-14,"Lichen","Crowberry",4,2.022,0.551942231,60.86342699,0.009068537,10,5.184,0.84,37.02,0.022690438,"4","yes",NA,8,-4.075271829,-30.24604767,696083,5504111,49.65763639,-54.28305366
"201","Dara","Lichen.14.2",2022-06-14,"Lichen","Kalmia",1,2.401,1.039892299,58.84997369,0.017670225,10,5.184,0.84,37.02,0.022690438,"4","yes",NA,8,-10.09567253,-27.66987085,696083,5504111,49.65763639,-54.28305366
"202","Dara","Lichen.14.2",2022-06-14,"Lichen","Kalmia",2,2.256,1.044447779,55.37869284,0.018860102,10,5.184,0.84,37.02,0.022690438,"4","yes",NA,8,-10.33466323,-28.6017375,696083,5504111,49.65763639,-54.28305366
"203","Dara","Lichen.14.2",2022-06-14,"Lichen","Kalmia",3,4.381,1.184206709,48.74220511,0.024295304,10,5.184,0.84,37.02,0.022690438,"4","yes",NA,8,-11.46200836,-27.48285521,696083,5504111,49.65763639,-54.28305366
"204","Dara","Lichen.14.2",2022-06-14,"Lichen","Kalmia",4,2.366,1.197157096,53.56679529,0.022348865,10,5.184,0.84,37.02,0.022690438,"4","yes",NA,8,-7.453105708,-27.84894221,696083,5504111,49.65763639,-54.28305366
"205","Dara","Lichen.14.2",2022-06-14,"Lichen","Cladonia",1,4.198,0.416736994,46.23109468,0.009014214,10,5.184,0.84,37.02,0.022690438,"4","yes",NA,8,12.27605668,-27.30760651,696083,5504111,49.65763639,-54.28305366
"206","Dara","Lichen.14.2",2022-06-14,"Lichen","Cladonia",2,4.15,0.232744178,46.34065236,0.005022462,10,5.184,0.84,37.02,0.022690438,"4","yes",NA,8,12.22945857,-26.39247199,696083,5504111,49.65763639,-54.28305366
"207","Dara","Lichen.14.2",2022-06-14,"Lichen","Cladonia",3,4.168,0.153082943,46.51261476,0.003291213,10,5.184,0.84,37.02,0.022690438,"4","yes",NA,8,50.33981707,-26.11515257,696083,5504111,49.65763639,-54.28305366
"208","Dara","Lichen.14.2",2022-06-14,"Lichen","Cladonia",4,4.233,0.335346982,47.0937131,0.007120844,10,5.184,0.84,37.02,0.022690438,"4","yes",NA,8,19.9455489,-26.90807507,696083,5504111,49.65763639,-54.28305366
"209","Dara","Lichen.14.3",2022-06-14,"Lichen","Crowberry",1,2.032,0.452450167,57.34692524,0.007889702,10,5.101,0.52,26.63,0.019526849,"4","yes",NA,11.25,-7.340389821,-29.8228185,696083,5504111,49.65763639,-54.28305366
"210","Dara","Lichen.14.3",2022-06-14,"Lichen","Crowberry",2,2.507,0.448396573,61.97089829,0.007235599,10,5.101,0.52,26.63,0.019526849,"4","yes",NA,11.25,12.80741378,-30.8199552,696083,5504111,49.65763639,-54.28305366
"211","Dara","Lichen.14.3",2022-06-14,"Lichen","Crowberry",3,2.533,0.501681866,59.0264732,0.008499269,10,5.101,0.52,26.63,0.019526849,"4","yes",NA,11.25,5.57311926,-29.96530588,696083,5504111,49.65763639,-54.28305366
"212","Dara","Lichen.14.3",2022-06-14,"Lichen","Crowberry",4,2.149,0.786540812,57.98536813,0.01356447,10,5.101,0.52,26.63,0.019526849,"4","yes",NA,11.25,-3.88455931,-30.07216317,696083,5504111,49.65763639,-54.28305366
"213","Dara","Lichen.14.3",2022-06-14,"Lichen","Kalmia",1,2.289,0.987475316,57.24795317,0.017249094,10,5.101,0.52,26.63,0.019526849,"4","yes",NA,11.25,-8.377076868,-30.27155484,696083,5504111,49.65763639,-54.28305366
"214","Dara","Lichen.14.3",2022-06-14,"Lichen","Kalmia",2,2.385,0.959091782,54.89313623,0.01747198,10,5.101,0.52,26.63,0.019526849,"4","yes",NA,11.25,-7.356548277,-29.38608418,696083,5504111,49.65763639,-54.28305366
"215","Dara","Lichen.14.3",2022-06-14,"Lichen","Kalmia",3,2.113,1.069323193,63.12508528,0.01693975,10,5.101,0.52,26.63,0.019526849,"4","yes",NA,11.25,-6.063089098,-30.75853256,696083,5504111,49.65763639,-54.28305366
"216","Dara","Lichen.14.3",2022-06-14,"Lichen","Kalmia",4,2.113,1.033420966,54.92878812,0.018813832,10,5.101,0.52,26.63,0.019526849,"4","yes",NA,11.25,-7.197903784,-29.65328372,696083,5504111,49.65763639,-54.28305366
"217","Dara","Lichen.14.3",2022-06-14,"Lichen","Cladonia",1,4.282,0.208617295,47.36536135,0.004404427,10,5.101,0.52,26.63,0.019526849,"4","yes",NA,11.25,11.05286593,-27.49201722,696083,5504111,49.65763639,-54.28305366
"218","Dara","Lichen.14.3",2022-06-14,"Lichen","Cladonia",2,3.833,0.169414013,46.32199178,0.003657313,10,5.101,0.52,26.63,0.019526849,"4","yes",NA,11.25,43.17867957,-26.70634166,696083,5504111,49.65763639,-54.28305366
"219","Dara","Lichen.14.3",2022-06-14,"Lichen","Cladonia",3,3.796,0.24197332,46.98226345,0.005150312,10,5.101,0.52,26.63,0.019526849,"4","yes",NA,11.25,32.77634466,-26.83989089,696083,5504111,49.65763639,-54.28305366
"220","Dara","Lichen.14.3",2022-06-14,"Lichen","Cladonia",4,4.164,0.262072666,46.05714542,0.005690163,10,5.101,0.52,26.63,0.019526849,"4","yes",NA,11.25,13.62553295,-27.03138896,696083,5504111,49.65763639,-54.28305366
"221","Dara","Lichen.14.4",2022-06-14,"Lichen","Blueberry",1,2.37,2.277640839,54.53738629,0.041762926,10,5.403,0.57,23.24,0.024526678,"4","yes",NA,3.75,-3.200745009,-29.94026518,696083,5504111,49.65763639,-54.28305366
"222","Dara","Lichen.14.4",2022-06-14,"Lichen","Blueberry",3,2.251,1.743732045,51.83718564,0.033638633,10,5.403,0.57,23.24,0.024526678,"4","yes",NA,3.75,-1.858708748,-28.52401869,696083,5504111,49.65763639,-54.28305366
"223","Dara","Lichen.14.4",2022-06-14,"Lichen","Blueberry",4,2.106,1.365735791,53.79685733,0.025386907,10,5.403,0.57,23.24,0.024526678,"4","yes",NA,3.75,2.900803293,-30.22361336,696083,5504111,49.65763639,-54.28305366
"224","Dara","Lichen.14.4",2022-06-14,"Lichen","Crowberry",1,2.055,0.802384502,54.10909392,0.014829014,10,5.403,0.57,23.24,0.024526678,"4","yes",NA,3.75,-4.478929961,-29.86584804,696083,5504111,49.65763639,-54.28305366
"225","Dara","Lichen.14.4",2022-06-14,"Lichen","Crowberry",2,2.012,0.797404311,51.67341972,0.015431615,10,5.403,0.57,23.24,0.024526678,"4","yes",NA,3.75,-7.71359853,-29.31745133,696083,5504111,49.65763639,-54.28305366
"226","Dara","Lichen.14.4",2022-06-14,"Lichen","Crowberry",3,2.133,0.952847026,52.65772974,0.018095103,10,5.403,0.57,23.24,0.024526678,"4","yes",NA,3.75,-8.725568044,-30.0299426,696083,5504111,49.65763639,-54.28305366
"227","Dara","Lichen.14.4",2022-06-14,"Lichen","Crowberry",4,2.119,0.710902482,53.65429499,0.013249685,10,5.403,0.57,23.24,0.024526678,"4","yes",NA,3.75,-8.956685763,-29.95438751,696083,5504111,49.65763639,-54.28305366
"228","Dara","Lichen.14.4",2022-06-14,"Lichen","Kalmia",1,2.095,1.161044436,56.20097208,0.020658796,10,5.403,0.57,23.24,0.024526678,"4","yes",NA,3.75,-6.372443907,-29.65833204,696083,5504111,49.65763639,-54.28305366
"229","Dara","Lichen.14.4",2022-06-14,"Lichen","Kalmia",2,2.459,1.400688772,56.79093958,0.024663948,10,5.403,0.57,23.24,0.024526678,"4","yes",NA,3.75,-10.60078245,-30.86181984,696083,5504111,49.65763639,-54.28305366
"230","Dara","Lichen.14.4",2022-06-14,"Lichen","Kalmia",3,2.191,1.022054013,57.74588097,0.017699167,10,5.403,0.57,23.24,0.024526678,"4","yes",NA,3.75,-8.699078919,-30.05014271,696083,5504111,49.65763639,-54.28305366
"231","Dara","Lichen.14.4",2022-06-14,"Lichen","Kalmia",4,2.174,1.155206427,58.2979443,0.01981556,10,5.403,0.57,23.24,0.024526678,"4","yes",NA,3.75,-10.57857276,-30.1446774,696083,5504111,49.65763639,-54.28305366
"232","Dara","Lichen.14.4",2022-06-14,"Lichen","Cladonia",1,4.113,0.245594335,47.20094296,0.005203166,10,5.403,0.57,23.24,0.024526678,"4","yes",NA,3.75,43.01823669,-26.66258184,696083,5504111,49.65763639,-54.28305366
"233","Dara","Lichen.14.4",2022-06-14,"Lichen","Cladonia",2,4.379,0.312084404,48.17195798,0.006478549,10,5.403,0.57,23.24,0.024526678,"4","yes",NA,3.75,13.57932685,-27.16689937,696083,5504111,49.65763639,-54.28305366
"234","Dara","Lichen.14.4",2022-06-14,"Lichen","Cladonia",3,4.28,0.234077412,47.72379416,0.004904837,10,5.403,0.57,23.24,0.024526678,"4","yes",NA,3.75,16.28529796,-26.89396229,696083,5504111,49.65763639,-54.28305366
"235","Dara","Lichen.14.4",2022-06-14,"Lichen","Cladonia",4,4.201,0.200584143,47.27071896,0.004243306,10,5.403,0.57,23.24,0.024526678,"4","yes",NA,3.75,40.23300466,-27.07973693,696083,5504111,49.65763639,-54.28305366
"236","Dara","Lichen.13.1",2022-06-14,"Lichen","Crowberry",1,2.471,0.940859674,57.21506388,0.016444265,11,5.304,0.8,40.85,0.019583843,"3","yes",NA,5.333333333,-7.619972419,-30.79870509,696093,5505021,49.66580899,-54.28245961
"237","Dara","Lichen.13.1",2022-06-14,"Lichen","Crowberry",2,2.374,0.712034166,55.3830124,0.012856545,11,5.304,0.8,40.85,0.019583843,"3","yes",NA,5.333333333,-4.890181327,-30.84538481,696093,5505021,49.66580899,-54.28245961
"238","Dara","Lichen.13.1",2022-06-14,"Lichen","Crowberry",3,2.46,0.698431673,52.70467738,0.013251797,11,5.304,0.8,40.85,0.019583843,"3","yes",NA,5.333333333,-5.528830304,-30.68336352,696093,5505021,49.66580899,-54.28245961
"239","Dara","Lichen.13.1",2022-06-14,"Lichen","Crowberry",4,2.108,0.715740551,54.97018469,0.013020523,11,5.304,0.8,40.85,0.019583843,"3","yes",NA,5.333333333,-2.411770712,-31.23273628,696093,5505021,49.66580899,-54.28245961
"240","Dara","Lichen.13.1",2022-06-14,"Lichen","Kalmia",1,2.508,0.859975037,41.00414437,0.020972881,11,5.304,0.8,40.85,0.019583843,"3","yes",NA,5.333333333,-6.270882343,-29.01468019,696093,5505021,49.66580899,-54.28245961
"241","Dara","Lichen.13.1",2022-06-14,"Lichen","Kalmia",2,2.274,1.163594481,50.70181967,0.022949758,11,5.304,0.8,40.85,0.019583843,"3","yes",NA,5.333333333,-8.427493105,-30.0058942,696093,5505021,49.66580899,-54.28245961
"242","Dara","Lichen.13.1",2022-06-14,"Lichen","Kalmia",3,2.223,0.914334496,48.53726928,0.018837782,11,5.304,0.8,40.85,0.019583843,"3","yes",NA,5.333333333,-8.773316233,-29.37912066,696093,5505021,49.66580899,-54.28245961
"243","Dara","Lichen.13.1",2022-06-14,"Lichen","Kalmia",4,2.318,0.975603969,50.1169374,0.019466552,11,5.304,0.8,40.85,0.019583843,"3","yes",NA,5.333333333,-8.820605163,-30.34988062,696093,5505021,49.66580899,-54.28245961
"244","Dara","Lichen.13.1",2022-06-14,"Lichen","Cladonia",1,3.975,0.365239996,42.87228754,0.008519256,11,5.304,0.8,40.85,0.019583843,"3","yes",NA,5.333333333,33.92459923,-28.69308531,696093,5505021,49.66580899,-54.28245961
"245","Dara","Lichen.13.1",2022-06-14,"Lichen","Cladonia",2,3.855,0.232272885,41.68062502,0.005572682,11,5.304,0.8,40.85,0.019583843,"3","yes",NA,5.333333333,34.94792873,-27.03611365,696093,5505021,49.66580899,-54.28245961
"246","Dara","Lichen.13.1",2022-06-14,"Lichen","Cladonia",3,4.238,0.194089965,43.07574038,0.004505784,11,5.304,0.8,40.85,0.019583843,"3","yes",NA,5.333333333,41.07628321,-26.99527931,696093,5505021,49.66580899,-54.28245961
"247","Dara","Lichen.13.1",2022-06-14,"Lichen","Cladonia",4,3.908,0.281274858,41.51776053,0.006774808,11,5.304,0.8,40.85,0.019583843,"3","yes",NA,5.333333333,34.29401152,-27.8830921,696093,5505021,49.66580899,-54.28245961
"248","Dara","Lichen.13.2",2022-06-14,"Lichen","Blueberry",1,2.114,2.866433719,49.81110387,0.057546079,11,5.138,0.74,38.42,0.019260802,"4","yes",NA,3.25,-0.026253585,-29.17960802,696093,5505021,49.66580899,-54.28245961
"249","Dara","Lichen.13.2",2022-06-14,"Lichen","Blueberry",2,2.434,1.138817858,48.92090417,0.023278757,11,5.138,0.74,38.42,0.019260802,"4","yes",NA,3.25,-2.000541878,-30.99316444,696093,5505021,49.66580899,-54.28245961
"250","Dara","Lichen.13.2",2022-06-14,"Lichen","Blueberry",3,2.357,1.502907632,53.77630802,0.027947393,11,5.138,0.74,38.42,0.019260802,"4","yes",NA,3.25,0.986918879,-29.78883446,696093,5505021,49.66580899,-54.28245961
"251","Dara","Lichen.13.2",2022-06-14,"Lichen","Blueberry",4,2.525,1.54548674,45.6055137,0.033888156,11,5.138,0.74,38.42,0.019260802,"4","yes",NA,3.25,-4.426846852,-29.85379115,696093,5505021,49.66580899,-54.28245961
"252","Dara","Lichen.13.2",2022-06-14,"Lichen","Crowberry",1,2.117,1.047749283,60.66633104,0.017270688,11,5.138,0.74,38.42,0.019260802,"4","yes",NA,3.25,-4.534736002,-29.6075627,696093,5505021,49.66580899,-54.28245961
"253","Dara","Lichen.13.2",2022-06-14,"Lichen","Crowberry",2,2.3,0.660131338,53.18271405,0.012412517,11,5.138,0.74,38.42,0.019260802,"4","yes",NA,3.25,-7.61927237,-29.48715388,696093,5505021,49.66580899,-54.28245961
"254","Dara","Lichen.13.2",2022-06-14,"Lichen","Crowberry",2,2.446,0.948024614,55.07488377,0.017213375,11,5.138,0.74,38.42,0.019260802,"4","yes",NA,3.25,-4.880123004,-30.17169423,696093,5505021,49.66580899,-54.28245961
"255","Dara","Lichen.13.2",2022-06-14,"Lichen","Crowberry",4,2.452,0.921397171,55.36357931,0.016642659,11,5.138,0.74,38.42,0.019260802,"4","yes",NA,3.25,-7.273822491,-30.17987615,696093,5505021,49.66580899,-54.28245961
"256","Dara","Lichen.13.2",2022-06-14,"Lichen","Kalmia",1,2.042,0.847169582,42.32608059,0.020015309,11,5.138,0.74,38.42,0.019260802,"4","yes",NA,3.25,-11.04115768,-31.06917216,696093,5505021,49.66580899,-54.28245961
"257","Dara","Lichen.13.2",2022-06-14,"Lichen","Kalmia",2,2.269,1.137681094,50.56391635,0.022499861,11,5.138,0.74,38.42,0.019260802,"4","yes",NA,3.25,-10.55526171,-31.30544679,696093,5505021,49.66580899,-54.28245961
"258","Dara","Lichen.13.2",2022-06-14,"Lichen","Kalmia",3,2.168,0.929155572,48.2878513,0.019242015,11,5.138,0.74,38.42,0.019260802,"4","yes",NA,3.25,-11.56450558,-30.78098995,696093,5505021,49.66580899,-54.28245961
"259","Dara","Lichen.13.2",2022-06-14,"Lichen","Kalmia",4,2.067,0.949063187,46.91552365,0.020229193,11,5.138,0.74,38.42,0.019260802,"4","yes",NA,3.25,-12.00403512,-30.88592036,696093,5505021,49.66580899,-54.28245961
"260","Dara","Lichen.13.2",2022-06-14,"Lichen","Cladonia",1,4.068,0.452731739,41.90058169,0.010804903,11,5.138,0.74,38.42,0.019260802,"4","yes",NA,3.25,0.239456065,-27.87274132,696093,5505021,49.66580899,-54.28245961
"261","Dara","Lichen.13.2",2022-06-14,"Lichen","Cladonia",2,3.946,0.384595629,41.97562138,0.009162357,11,5.138,0.74,38.42,0.019260802,"4","yes",NA,3.25,4.294821282,-27.25963841,696093,5505021,49.66580899,-54.28245961
"262","Dara","Lichen.13.2",2022-06-14,"Lichen","Cladonia",3,4.043,0.381132151,41.08250483,0.009277237,11,5.138,0.74,38.42,0.019260802,"4","yes",NA,3.25,1.878761056,-28.08259987,696093,5505021,49.66580899,-54.28245961
"263","Dara","Lichen.13.2",2022-06-14,"Lichen","Cladonia",4,4.278,0.408187207,50.96861317,0.008008599,11,5.138,0.74,38.42,0.019260802,"4","yes",NA,3.25,6.019515621,-27.96642675,696093,5505021,49.66580899,-54.28245961
"264","Dara","Lichen.13.3",2022-06-14,"Lichen","Blueberry",1,2.066,1.285214754,52.19910283,0.024621395,10,5.029,0.71,37.19,0.019091154,"4","yes",NA,4.25,-3.928906335,-31.03484016,696093,5505021,49.66580899,-54.28245961
"265","Dara","Lichen.13.3",2022-06-14,"Lichen","Blueberry",2,2.12,1.033079092,49.26208061,0.020971081,10,5.029,0.71,37.19,0.019091154,"4","yes",NA,4.25,-6.959262436,-30.54242575,696093,5505021,49.66580899,-54.28245961
"266","Dara","Lichen.13.3",2022-06-14,"Lichen","Blueberry",3,2.375,1.777657564,49.8139101,0.035685967,10,5.029,0.71,37.19,0.019091154,"4","yes",NA,4.25,-5.683650209,-30.68450287,696093,5505021,49.66580899,-54.28245961
"267","Dara","Lichen.13.3",2022-06-14,"Lichen","Blueberry",4,2.421,1.549843354,49.31091445,0.031430027,10,5.029,0.71,37.19,0.019091154,"4","yes",NA,4.25,-6.969371514,-31.05180681,696093,5505021,49.66580899,-54.28245961
"268","Dara","Lichen.13.3",2022-06-14,"Lichen","Crowberry",1,2.276,0.694387653,54.31076161,0.012785452,10,5.029,0.71,37.19,0.019091154,"4","yes",NA,4.25,-6.406782291,-27.52609839,696093,5505021,49.66580899,-54.28245961
"269","Dara","Lichen.13.3",2022-06-14,"Lichen","Crowberry",2,2.12,0.673976161,52.45454921,0.012848765,10,5.029,0.71,37.19,0.019091154,"4","yes",NA,4.25,-7.459087591,-28.29576244,696093,5505021,49.66580899,-54.28245961
"270","Dara","Lichen.13.3",2022-06-14,"Lichen","Crowberry",3,2.437,0.556311291,55.01813224,0.010111417,10,5.029,0.71,37.19,0.019091154,"4","yes",NA,4.25,-2.851674207,-29.13545435,696093,5505021,49.66580899,-54.28245961
"271","Dara","Lichen.13.3",2022-06-14,"Lichen","Crowberry",4,2.068,0.716882962,53.51920653,0.013394873,10,5.029,0.71,37.19,0.019091154,"4","yes",NA,4.25,-7.613222217,-28.59375921,696093,5505021,49.66580899,-54.28245961
"272","Dara","Lichen.13.3",2022-06-14,"Lichen","Kalmia",1,2.451,NA,NA,NA,10,5.029,0.71,37.19,0.019091154,"4","yes",NA,4.25,NA,NA,696093,5505021,49.66580899,-54.28245961
"273","Dara","Lichen.13.3",2022-06-14,"Lichen","Kalmia",2,2.469,1.052048234,50.8045613,48.29109509,10,5.029,0.71,37.19,0.019091154,"4","yes",NA,4.25,-9.301509268,-28.01012889,696093,5505021,49.66580899,-54.28245961
"274","Dara","Lichen.13.3",2022-06-14,"Lichen","Kalmia",3,2.292,1.11831966,52.34687968,46.80851241,10,5.029,0.71,37.19,0.019091154,"4","yes",NA,4.25,-10.06562221,-29.49197103,696093,5505021,49.66580899,-54.28245961
"275","Dara","Lichen.13.3",2022-06-14,"Lichen","Cladonia",1,2.264,0.529851157,77.48469688,146.2386104,10,5.029,0.71,37.19,0.019091154,"4","yes",NA,4.25,35.33611827,-27.541986,696093,5505021,49.66580899,-54.28245961
"276","Dara","Lichen.13.3",2022-06-14,"Lichen","Cladonia",2,4.03,0.211844102,43.34140253,204.591028,10,5.029,0.71,37.19,0.019091154,"4","yes",NA,4.25,53.93008671,-27.8531756,696093,5505021,49.66580899,-54.28245961
"277","Dara","Lichen.13.3",2022-06-14,"Lichen","Cladonia",3,4.31,0.159139257,41.05283921,257.9680206,10,5.029,0.71,37.19,0.019091154,"4","yes",NA,4.25,59.62158801,-27.6754923,696093,5505021,49.66580899,-54.28245961
"278","Dara","Lichen.13.3",2022-06-14,"Lichen","Cladonia",4,4.083,0.264055788,43.3507083,164.1725356,10,5.029,0.71,37.19,0.019091154,"4","yes",NA,4.25,15.35690028,-25.63402205,696093,5505021,49.66580899,-54.28245961
"279","Dara","Lichen.13.3",2022-06-14,"Lichen","Lingonberry",1,2.519,0.471211223,48.79407361,103.5503215,10,5.029,0.71,37.19,0.019091154,"4","yes",NA,4.25,-9.6977549,-29.99677603,696093,5505021,49.66580899,-54.28245961
"280","Dara","Lichen.13.3",2022-06-14,"Lichen","Lingonberry",2,2.186,0.602750346,52.40009435,86.93498845,10,5.029,0.71,37.19,0.019091154,"4","yes",NA,4.25,-9.174230348,-31.15570497,696093,5505021,49.66580899,-54.28245961
"281","Dara","Lichen.13.3",2022-06-14,"Lichen","Lingonberry",3,2.423,0.472236865,47.92961775,101.494867,10,5.029,0.71,37.19,0.019091154,"4","yes",NA,4.25,-13.34959762,-30.40970369,696093,5505021,49.66580899,-54.28245961
"282","Dara","Lichen.13.3",2022-06-14,"Lichen","Lingonberry",4,2.201,0.520458068,53.26957367,102.3513266,10,5.029,0.71,37.19,0.019091154,"4","yes",NA,4.25,-13.72964779,-30.73227584,696093,5505021,49.66580899,-54.28245961
"283","Dara","Lichen.13.4",2022-06-14,"Lichen","Crowberry",1,2.072,0.625315842,56.58274828,90.48667008,10,5.286,0.65,23.44,0.027730375,"4","yes",NA,3,6.169163686,-30.81357979,696093,5505021,49.66580899,-54.28245961
"284","Dara","Lichen.13.4",2022-06-14,"Lichen","Crowberry",2,2.439,0.628147927,56.38488834,89.76370994,10,5.286,0.65,23.44,0.027730375,"4","yes",NA,3,-6.245248447,-30.92459009,696093,5505021,49.66580899,-54.28245961
"285","Dara","Lichen.13.4",2022-06-14,"Lichen","Crowberry",3,2.317,0.639763621,55.58500033,86.88365284,10,5.286,0.65,23.44,0.027730375,"4","yes",NA,3,-8.330472932,-30.45325268,696093,5505021,49.66580899,-54.28245961
"286","Dara","Lichen.13.4",2022-06-14,"Lichen","Crowberry",4,2.214,0.648583936,53.28335513,82.1533685,10,5.286,0.65,23.44,0.027730375,"4","yes",NA,3,-6.349422154,-30.89609501,696093,5505021,49.66580899,-54.28245961
"287","Dara","Lichen.13.4",2022-06-14,"Lichen","Kalmia",1,2.458,1.152966746,49.55064771,42.9766495,10,5.286,0.65,23.44,0.027730375,"4","yes",NA,3,-10.11096126,-30.53047461,696093,5505021,49.66580899,-54.28245961
"288","Dara","Lichen.13.4",2022-06-14,"Lichen","Kalmia",2,2.405,1.241756927,51.88022308,41.77969292,10,5.286,0.65,23.44,0.027730375,"4","yes",NA,3,-10.33757223,-29.17568659,696093,5505021,49.66580899,-54.28245961
"289","Dara","Lichen.13.4",2022-06-14,"Lichen","Kalmia",3,2.164,0.990046598,54.71402735,55.26409309,10,5.286,0.65,23.44,0.027730375,"4","yes",NA,3,-9.656807767,-30.21515631,696093,5505021,49.66580899,-54.28245961
"290","Dara","Lichen.13.4",2022-06-14,"Lichen","Kalmia",4,2.032,0.970752454,52.83611323,54.4279986,10,5.286,0.65,23.44,0.027730375,"4","yes",NA,3,-10.08457444,-29.8727587,696093,5505021,49.66580899,-54.28245961
"291","Dara","Lichen.13.4",2022-06-14,"Lichen","Cladonia",1,3.84,0.310546149,43.42229273,139.8255715,10,5.286,0.65,23.44,0.027730375,"4","yes",NA,3,-0.25213981,-27.6455843,696093,5505021,49.66580899,-54.28245961
"292","Dara","Lichen.13.4",2022-06-14,"Lichen","Cladonia",2,3.871,0.303786961,42.88878358,141.1804623,10,5.286,0.65,23.44,0.027730375,"4","yes",NA,3,18.50893808,-27.8021662,696093,5505021,49.66580899,-54.28245961
"293","Dara","Lichen.13.4",2022-06-14,"Lichen","Cladonia",3,4.31,0.298282392,41.03528204,137.5719221,10,5.286,0.65,23.44,0.027730375,"4","yes",NA,3,38.64365926,-28.28896311,696093,5505021,49.66580899,-54.28245961
"294","Dara","Lichen.13.4",2022-06-14,"Lichen","Cladonia",4,4.083,0.213406572,44.32422196,207.6984859,10,5.286,0.65,23.44,0.027730375,"4","yes",NA,3,46.14681306,-28.36002197,696093,5505021,49.66580899,-54.28245961
"295","Dara","Wetland.19.1",2022-06-14,"Wetland","Crowberry",1,2.274,0.854790113,54.45258557,63.70287251,11,5.008,0.47,47.08,0.009983008,"3",NA,NA,23,-4.662499639,-30.59065669,698893,5503721,49.65321287,-54.24436316
"296","Dara","Wetland.19.1",2022-06-14,"Wetland","Crowberry",2,2.056,0.720557103,55.15893497,76.55040071,11,5.008,0.47,47.08,0.009983008,"3",NA,NA,23,-5.007307054,-28.92296274,698893,5503721,49.65321287,-54.24436316
"297","Dara","Wetland.19.1",2022-06-14,"Wetland","Crowberry",3,2.297,0.610438818,58.34494216,95.57868932,11,5.008,0.47,47.08,0.009983008,"3",NA,NA,23,0.319380192,-31.21733108,698893,5503721,49.65321287,-54.24436316
"298","Dara","Wetland.19.1",2022-06-14,"Wetland","Crowberry",4,2.43,0.72106791,59.11416758,81.98141503,11,5.008,0.47,47.08,0.009983008,"3",NA,NA,23,-2.551321187,-31.30749992,698893,5503721,49.65321287,-54.24436316
"299","Dara","Wetland.19.1",2022-06-14,"Wetland","Kalmia",1,2.333,1.325387743,52.06564174,39.28332823,11,5.008,0.47,47.08,0.009983008,"3",NA,NA,23,-11.30395997,-28.7502846,698893,5503721,49.65321287,-54.24436316
"300","Dara","Wetland.19.1",2022-06-14,"Wetland","Kalmia",2,2.185,1.079980717,53.08329666,49.15207819,11,5.008,0.47,47.08,0.009983008,"3",NA,NA,23,-6.872497947,-29.89386703,698893,5503721,49.65321287,-54.24436316
"301","Dara","Wetland.19.1",2022-06-14,"Wetland","Kalmia",3,2.187,1.194561896,49.18091307,41.17066954,11,5.008,0.47,47.08,0.009983008,"3",NA,NA,23,-6.299487406,-28.43560459,698893,5503721,49.65321287,-54.24436316
"302","Dara","Wetland.19.1",2022-06-14,"Wetland","Kalmia",4,2.124,1.297222581,54.07897408,41.68827685,11,5.008,0.47,47.08,0.009983008,"3",NA,NA,23,-6.005406349,-30.12769441,698893,5503721,49.65321287,-54.24436316
"303","Dara","Wetland.19.1",2022-06-14,"Wetland","Cladonia",1,3.93,0.314926983,43.15337956,137.0266186,11,5.008,0.47,47.08,0.009983008,"3",NA,NA,23,14.74950311,-27.13819998,698893,5503721,49.65321287,-54.24436316
"304","Dara","Wetland.19.1",2022-06-14,"Wetland","Cladonia",2,3.901,0.334716315,42.79931578,127.8674323,11,5.008,0.47,47.08,0.009983008,"3",NA,NA,23,4.119021634,-28.10105788,698893,5503721,49.65321287,-54.24436316
"305","Dara","Wetland.19.1",2022-06-14,"Wetland","Cladonia",3,4.007,0.388611091,43.29613378,111.4125017,11,5.008,0.47,47.08,0.009983008,"3",NA,NA,23,17.43467573,-27.54384318,698893,5503721,49.65321287,-54.24436316
"306","Dara","Wetland.19.1",2022-06-14,"Wetland","Cladonia",4,0.166,0.228662921,42.64637625,186.503243,11,5.008,0.47,47.08,0.009983008,"3",NA,NA,23,16.73577371,-27.33493223,698893,5503721,49.65321287,-54.24436316
"307","Dara","Wetland.19.2",2022-06-14,"Wetland","Crowberry",1,2.573,0.760785717,60.61346429,79.67219014,11,5.404,0.43,48.68,0.008833196,"3",NA,NA,22.5,-1.550271948,-31.50034238,698893,5503721,49.65321287,-54.24436316
"308","Dara","Wetland.19.2",2022-06-14,"Wetland","Crowberry",2,2.556,0.675729386,58.26885683,86.23105347,11,5.404,0.43,48.68,0.008833196,"3",NA,NA,22.5,2.970593517,-30.85982738,698893,5503721,49.65321287,-54.24436316
"309","Dara","Wetland.19.2",2022-06-14,"Wetland","Crowberry",3,2.206,0.814063976,56.34368819,69.2128504,11,5.404,0.43,48.68,0.008833196,"3",NA,NA,22.5,-5.446173376,-30.65126729,698893,5503721,49.65321287,-54.24436316
"310","Dara","Wetland.19.2",2022-06-14,"Wetland","Crowberry",4,2.2,0.717062236,57.48655791,80.16955161,11,5.404,0.43,48.68,0.008833196,"3",NA,NA,22.5,-2.949911058,-31.24145052,698893,5503721,49.65321287,-54.24436316
"311","Dara","Wetland.19.2",2022-06-14,"Wetland","Kalmia",1,2.216,2.033395307,73.34243289,36.06894963,11,5.404,0.43,48.68,0.008833196,"3",NA,NA,22.5,0.885316549,-30.3149342,698893,5503721,49.65321287,-54.24436316
"312","Dara","Wetland.19.2",2022-06-14,"Wetland","Kalmia",2,2.191,1.199650704,54.3492318,45.30421366,11,5.404,0.43,48.68,0.008833196,"3",NA,NA,22.5,-7.740671638,-31.34702337,698893,5503721,49.65321287,-54.24436316
"313","Dara","Wetland.19.2",2022-06-14,"Wetland","Kalmia",3,2.224,1.143166867,56.28359069,49.23479881,11,5.404,0.43,48.68,0.008833196,"3",NA,NA,22.5,-4.306862131,-30.24138607,698893,5503721,49.65321287,-54.24436316
"314","Dara","Wetland.19.2",2022-06-14,"Wetland","Kalmia",4,2.338,1.036563913,49.25847497,47.52092403,11,5.404,0.43,48.68,0.008833196,"3",NA,NA,22.5,-9.285375491,-30.21504338,698893,5503721,49.65321287,-54.24436316
"315","Dara","Wetland.19.2",2022-06-14,"Wetland","Cladonia",1,3.764,0.301490432,45.44775914,150.7436199,11,5.404,0.43,48.68,0.008833196,"3",NA,NA,22.5,16.38138591,-28.83213047,698893,5503721,49.65321287,-54.24436316
"316","Dara","Wetland.19.2",2022-06-14,"Wetland","Cladonia",2,4.087,0.351668089,46.32308168,131.7238699,11,5.404,0.43,48.68,0.008833196,"3",NA,NA,22.5,24.66735737,-29.56002222,698893,5503721,49.65321287,-54.24436316
"317","Dara","Wetland.19.2",2022-06-14,"Wetland","Cladonia",3,3.913,0.366567831,46.00355577,125.4980713,11,5.404,0.43,48.68,0.008833196,"3",NA,NA,22.5,20.47597262,-29.45726202,698893,5503721,49.65321287,-54.24436316
"318","Dara","Wetland.19.2",2022-06-14,"Wetland","Cladonia",4,4.204,0.927700892,72.28245825,77.91569341,11,5.404,0.43,48.68,0.008833196,"3",NA,NA,22.5,-2.126025425,-31.08935849,698893,5503721,49.65321287,-54.24436316
"319","Dara","Wetland.19.3",2022-06-14,"Wetland","Crowberry",1,2.293,0.645027024,59.27129309,91.88962776,11,5.328,0.65,49.18,0.013216755,"3",NA,NA,22.5,-0.969206576,-31.58930142,698893,5503721,49.65321287,-54.24436316
"320","Dara","Wetland.19.3",2022-06-14,"Wetland","Crowberry",2,2.224,0.485899758,54.3328361,111.8190228,11,5.328,0.65,49.18,0.013216755,"3",NA,NA,22.5,4.238195787,-31.31665503,698893,5503721,49.65321287,-54.24436316
"321","Dara","Wetland.19.3",2022-06-14,"Wetland","Crowberry",3,2.27,0.681971343,56.48043862,82.81937244,11,5.328,0.65,49.18,0.013216755,"3",NA,NA,22.5,-3.176847369,-30.26491884,698893,5503721,49.65321287,-54.24436316
"322","Dara","Wetland.19.3",2022-06-14,"Wetland","Crowberry",4,2.468,0.778488469,58.30287777,74.89241025,11,5.328,0.65,49.18,0.013216755,"3",NA,NA,22.5,-5.744365559,-31.69558267,698893,5503721,49.65321287,-54.24436316
"323","Dara","Wetland.19.3",2022-06-14,"Wetland","Kalmia",1,2.317,1.473639069,56.4034056,38.27491194,11,5.328,0.65,49.18,0.013216755,"3",NA,NA,22.5,-6.219498174,-30.63009278,698893,5503721,49.65321287,-54.24436316
"324","Dara","Wetland.19.3",2022-06-14,"Wetland","Kalmia",2,2.353,1.395953341,56.94882465,40.79565053,11,5.328,0.65,49.18,0.013216755,"3",NA,NA,22.5,-8.536754109,-30.33590278,698893,5503721,49.65321287,-54.24436316
"325","Dara","Wetland.19.3",2022-06-14,"Wetland","Kalmia",3,2.438,1.285154038,58.16880684,45.26212822,11,5.328,0.65,49.18,0.013216755,"3",NA,NA,22.5,-6.115527165,-30.36091791,698893,5503721,49.65321287,-54.24436316
"326","Dara","Wetland.19.3",2022-06-14,"Wetland","Kalmia",4,2.385,1.144332659,55.66374856,48.64297816,11,5.328,0.65,49.18,0.013216755,"3",NA,NA,22.5,-6.485237977,-31.0664594,698893,5503721,49.65321287,-54.24436316
"327","Dara","Wetland.19.3",2022-06-14,"Wetland","Cladonia",1,4.259,0.350054739,46.44781164,132.6872814,11,5.328,0.65,49.18,0.013216755,"3",NA,NA,22.5,52.8435121,-28.84145169,698893,5503721,49.65321287,-54.24436316
"328","Dara","Wetland.19.3",2022-06-14,"Wetland","Cladonia",2,3.992,0.300086261,45.79105128,152.5929616,11,5.328,0.65,49.18,0.013216755,"3",NA,NA,22.5,47.51351592,-27.83474068,698893,5503721,49.65321287,-54.24436316
"329","Dara","Wetland.19.3",2022-06-14,"Wetland","Cladonia",3,4.268,0.363613178,46.61008806,128.1859155,11,5.328,0.65,49.18,0.013216755,"3",NA,NA,22.5,17.75730742,-28.98577425,698893,5503721,49.65321287,-54.24436316
"330","Dara","Wetland.19.3",2022-06-14,"Wetland","Cladonia",4,4.039,0.354613087,45.92669877,129.5121371,11,5.328,0.65,49.18,0.013216755,"3",NA,NA,22.5,47.71431865,-28.90795083,698893,5503721,49.65321287,-54.24436316
"331","Dara","Wetland.19.4",2022-06-14,"Wetland","Crowberry",1,2.468,0.817337898,58.0153599,70.98087586,11,5.427,0.55,48.15,0.011422638,"3",NA,NA,22.5,-8.451106924,-31.62055299,698893,5503721,49.65321287,-54.24436316
"332","Dara","Wetland.19.4",2022-06-14,"Wetland","Crowberry",2,2.283,0.828082361,57.39283966,69.30812964,11,5.427,0.55,48.15,0.011422638,"3",NA,NA,22.5,-7.441535341,-31.74238957,698893,5503721,49.65321287,-54.24436316
"333","Dara","Wetland.19.4",2022-06-14,"Wetland","Crowberry",3,2.581,0.689210352,59.97126556,87.01445849,11,5.427,0.55,48.15,0.011422638,"3",NA,NA,22.5,-5.259527294,-31.79200306,698893,5503721,49.65321287,-54.24436316
"334","Dara","Wetland.19.4",2022-06-14,"Wetland","Crowberry",4,2.236,0.564878777,58.97543866,104.4037076,11,5.427,0.55,48.15,0.011422638,"3",NA,NA,22.5,-3.394949743,-30.42180534,698893,5503721,49.65321287,-54.24436316
"335","Dara","Wetland.19.4",2022-06-14,"Wetland","Kalmia",1,2.227,1.36287146,57.23686019,41.99725495,11,5.427,0.55,48.15,0.011422638,"3",NA,NA,22.5,-6.766664818,-31.24590212,698893,5503721,49.65321287,-54.24436316
"336","Dara","Wetland.19.4",2022-06-14,"Wetland","Kalmia",2,2.269,1.594578868,56.81192853,35.62817097,11,5.427,0.55,48.15,0.011422638,"3",NA,NA,22.5,-7.016454421,-29.87875998,698893,5503721,49.65321287,-54.24436316
"337","Dara","Wetland.19.4",2022-06-14,"Wetland","Kalmia",3,2.105,1.314468598,57.15170514,43.47894291,11,5.427,0.55,48.15,0.011422638,"3",NA,NA,22.5,-7.489267267,-31.10530954,698893,5503721,49.65321287,-54.24436316
"338","Dara","Wetland.19.4",2022-06-14,"Wetland","Kalmia",3,2.149,1.18414357,56.96789468,48.10894231,11,5.427,0.55,48.15,0.011422638,"3",NA,NA,22.5,-8.983300931,-31.6268111,698893,5503721,49.65321287,-54.24436316
"339","Dara","Wetland.19.4",2022-06-14,"Wetland","Cladonia",1,3.916,0.342573701,46.71660501,136.3695019,11,5.427,0.55,48.15,0.011422638,"3",NA,NA,22.5,25.9953401,-28.86594472,698893,5503721,49.65321287,-54.24436316
"340","Dara","Wetland.19.4",2022-06-14,"Wetland","Cladonia",2,4.059,0.371235306,44.78615869,120.6408926,11,5.427,0.55,48.15,0.011422638,"3",NA,NA,22.5,10.39934804,-28.45257911,698893,5503721,49.65321287,-54.24436316
"341","Dara","Wetland.19.4",2022-06-14,"Wetland","Cladonia",3,4.25,0.341287998,46.23301588,135.4662812,11,5.427,0.55,48.15,0.011422638,"3",NA,NA,22.5,22.97451644,-29.21176031,698893,5503721,49.65321287,-54.24436316
"342","Dara","Wetland.19.4",2022-06-14,"Wetland","Cladonia",4,4.28,0.268594184,46.0090498,171.2957781,11,5.427,0.55,48.15,0.011422638,"3",NA,NA,22.5,29.37498987,-28.13484859,698893,5503721,49.65321287,-54.24436316
"343","Dara","Mixed.5.1",2022-06-15,"Mixed","Crowberry",1,2.23,0.664894515,60.02995263,90.28492679,10,5.157,0.71,29.28,0.024248634,"3","yes",NA,12.66666667,1.700845265,-31.3390048,710683,5509981,49.70544514,-54.077861
"344","Dara","Mixed.5.1",2022-06-15,"Mixed","Crowberry",2,2.248,0.496448269,54.4702406,109.719872,10,5.157,0.71,29.28,0.024248634,"3","yes",NA,12.66666667,-0.462006402,-30.80631745,710683,5509981,49.70544514,-54.077861
"345","Dara","Mixed.5.1",2022-06-15,"Mixed","Crowberry",3,2.265,0.679757592,58.50569155,86.06846355,10,5.157,0.71,29.28,0.024248634,"3","yes",NA,12.66666667,-3.615942071,-31.09116274,710683,5509981,49.70544514,-54.077861
"346","Dara","Mixed.5.1",2022-06-15,"Mixed","Crowberry",4,2.481,0.802780962,59.14275491,73.67234363,10,5.157,0.71,29.28,0.024248634,"3","yes",NA,12.66666667,-2.028545539,-31.45421719,710683,5509981,49.70544514,-54.077861
"347","Dara","Mixed.5.1",2022-06-15,"Mixed","Kalmia",1,2.406,1.204941187,58.43482111,48.49599445,10,5.157,0.71,29.28,0.024248634,"3","yes",NA,12.66666667,-6.171502843,-31.18239913,710683,5509981,49.70544514,-54.077861
"348","Dara","Mixed.5.1",2022-06-15,"Mixed","Kalmia",2,2.285,1.185184227,57.62640814,48.62232118,10,5.157,0.71,29.28,0.024248634,"3","yes",NA,12.66666667,-6.737088491,-30.91749123,710683,5509981,49.70544514,-54.077861
"349","Dara","Mixed.5.1",2022-06-15,"Mixed","Kalmia",3,2.307,1.192781177,58.11102843,48.71893483,10,5.157,0.71,29.28,0.024248634,"3","yes",NA,12.66666667,-5.24842695,-31.42769297,710683,5509981,49.70544514,-54.077861
"350","Dara","Mixed.5.1",2022-06-15,"Mixed","Kalmia",4,2.16,1.339525173,57.26931259,42.75344259,10,5.157,0.71,29.28,0.024248634,"3","yes",NA,12.66666667,-6.505266035,-31.46488272,710683,5509981,49.70544514,-54.077861
"351","Dara","Mixed.5.1",2022-06-15,"Mixed","Cladonia",1,3.906,0.309887053,45.58983132,147.1175735,10,5.157,0.71,29.28,0.024248634,"3","yes",NA,12.66666667,16.78529966,-29.37359651,710683,5509981,49.70544514,-54.077861
"352","Dara","Mixed.5.1",2022-06-15,"Mixed","Cladonia",2,4.238,0.263777704,44.1645922,167.4311042,10,5.157,0.71,29.28,0.024248634,"3","yes",NA,12.66666667,8.363834848,-28.39367348,710683,5509981,49.70544514,-54.077861
"353","Dara","Mixed.5.1",2022-06-15,"Mixed","Cladonia",3,4.115,0.336648406,44.58132211,132.4269514,10,5.157,0.71,29.28,0.024248634,"3","yes",NA,12.66666667,2.361632505,-28.95995565,710683,5509981,49.70544514,-54.077861
"354","Dara","Mixed.5.1",2022-06-15,"Mixed","Cladonia",4,4.067,0.291992189,45.75193173,156.6888892,10,5.157,0.71,29.28,0.024248634,"3","yes",NA,12.66666667,5.524423233,-28.65933791,710683,5509981,49.70544514,-54.077861
"355","Dara","Mixed.5.1",2022-06-15,"Mixed","Lingonberry",1,2.493,0.562718277,54.38551003,96.64784716,10,5.157,0.71,29.28,0.024248634,"3","yes",NA,12.66666667,-9.299568417,-31.15825084,710683,5509981,49.70544514,-54.077861
"356","Dara","Mixed.5.1",2022-06-15,"Mixed","Lingonberry",2,2.216,0.636366891,53.5646638,84.17261262,10,5.157,0.71,29.28,0.024248634,"3","yes",NA,12.66666667,-9.438132465,-33.07715787,710683,5509981,49.70544514,-54.077861
"357","Dara","Mixed.5.1",2022-06-15,"Mixed","Lingonberry",3,2.481,0.663629424,61.91293373,93.29443735,10,5.157,0.71,29.28,0.024248634,"3","yes",NA,12.66666667,-11.08910744,-32.44552187,710683,5509981,49.70544514,-54.077861
"358","Dara","Mixed.5.1",2022-06-15,"Mixed","Lingonberry",4,2.414,0.627156468,52.24943746,83.31164568,10,5.157,0.71,29.28,0.024248634,"3","yes",NA,12.66666667,-11.10208782,-31.6268918,710683,5509981,49.70544514,-54.077861
"359","Dara","Mixed.5.2",2022-06-15,"Mixed","Crowberry",1,2.085,0.752525798,55.31843352,73.51034829,10,5.019,0.58,24.24,0.023927393,"5","yes",NA,4.2,-9.305271249,-29.47798934,710683,5509981,49.70544514,-54.077861
"360","Dara","Mixed.5.2",2022-06-15,"Mixed","Crowberry",2,1.965,0.753874626,55.87386761,74.11559655,10,5.019,0.58,24.24,0.023927393,"5","yes",NA,4.2,-9.103396667,-29.65918168,710683,5509981,49.70544514,-54.077861
"361","Dara","Mixed.5.2",2022-06-15,"Mixed","Crowberry",3,2.413,0.70857876,57.04808218,80.51057333,10,5.019,0.58,24.24,0.023927393,"5","yes",NA,4.2,-7.865965891,-29.34309956,710683,5509981,49.70544514,-54.077861
"362","Dara","Mixed.5.2",2022-06-15,"Mixed","Crowberry",4,2.399,0.68962426,52.85224337,76.6391881,10,5.019,0.58,24.24,0.023927393,"5","yes",NA,4.2,-9.75522312,-28.71644066,710683,5509981,49.70544514,-54.077861
"363","Dara","Mixed.5.2",2022-06-15,"Mixed","Kalmia",1,2.358,1.163490681,55.98967534,48.12215195,10,5.019,0.58,24.24,0.023927393,"5","yes",NA,4.2,-10.64840173,-31.37795181,710683,5509981,49.70544514,-54.077861
"364","Dara","Mixed.5.2",2022-06-15,"Mixed","Kalmia",2,2.559,0.969594005,57.06955694,58.85923038,10,5.019,0.58,24.24,0.023927393,"5","yes",NA,4.2,-10.9831752,-31.59145408,710683,5509981,49.70544514,-54.077861
"365","Dara","Mixed.5.2",2022-06-15,"Mixed","Kalmia",3,2.317,1.244574521,57.67699621,46.34274221,10,5.019,0.58,24.24,0.023927393,"5","yes",NA,4.2,-8.963949427,-30.19840192,710683,5509981,49.70544514,-54.077861
"366","Dara","Mixed.5.2",2022-06-15,"Mixed","Kalmia",4,2.139,1.255304985,55.32823939,44.07553546,10,5.019,0.58,24.24,0.023927393,"5","yes",NA,4.2,-10.58735395,-28.69324567,710683,5509981,49.70544514,-54.077861
"367","Dara","Mixed.5.2",2022-06-15,"Mixed","Cladonia",1,4.226,0.341778999,43.94410016,128.5746062,10,5.019,0.58,24.24,0.023927393,"5","yes",NA,4.2,15.78840101,-28.82641744,710683,5509981,49.70544514,-54.077861
"368","Dara","Mixed.5.2",2022-06-15,"Mixed","Cladonia",2,4.286,0.195950017,39.52104653,201.6894264,10,5.019,0.58,24.24,0.023927393,"5","yes",NA,4.2,4.012162858,-27.92797209,710683,5509981,49.70544514,-54.077861
"369","Dara","Mixed.5.2",2022-06-15,"Mixed","Cladonia",3,4.134,0.251981295,45.8890753,182.113023,10,5.019,0.58,24.24,0.023927393,"5","yes",NA,4.2,7.307602251,-28.56017763,710683,5509981,49.70544514,-54.077861
"370","Dara","Mixed.5.2",2022-06-15,"Mixed","Cladonia",4,4.278,0.294903831,45.2821881,153.5489993,10,5.019,0.58,24.24,0.023927393,"5","yes",NA,4.2,21.10436203,-28.15666078,710683,5509981,49.70544514,-54.077861
"371","Dara","Mixed.5.2",2022-06-15,"Mixed","Lingonberry",1,2.211,0.668979626,52.81081764,78.9423408,10,5.019,0.58,24.24,0.023927393,"5","yes",NA,4.2,-10.76141644,-31.27736692,710683,5509981,49.70544514,-54.077861
"372","Dara","Mixed.5.2",2022-06-15,"Mixed","Lingonberry",2,2.02,0.675586877,53.26050167,78.83590326,10,5.019,0.58,24.24,0.023927393,"5","yes",NA,4.2,-13.55530815,-30.59368991,710683,5509981,49.70544514,-54.077861
"373","Dara","Mixed.5.2",2022-06-15,"Mixed","Lingonberry",3,2.48,0.646657478,54.75446518,84.67305653,10,5.019,0.58,24.24,0.023927393,"5","yes",NA,4.2,-12.04845096,-32.45503193,710683,5509981,49.70544514,-54.077861
"374","Dara","Mixed.5.2",2022-06-15,"Mixed","Lingonberry",4,2.55,0.704391584,55.90039582,79.35982921,10,5.019,0.58,24.24,0.023927393,"5","yes",NA,4.2,-7.697014569,-31.46597924,710683,5509981,49.70544514,-54.077861
"375","Dara","Mixed.5.3",2022-06-15,"Mixed","Crowberry",1,2.143,0.59162246,55.79753893,94.31274621,10,5.286,0.67,21.63,0.030975497,"4","yes",NA,9.25,-7.459004648,-30.88211294,710683,5509981,49.70544514,-54.077861
"376","Dara","Mixed.5.3",2022-06-15,"Mixed","Crowberry",2,2.175,0.686222762,55.20951598,80.45421843,10,5.286,0.67,21.63,0.030975497,"4","yes",NA,9.25,-4.72231055,-29.0769771,710683,5509981,49.70544514,-54.077861
"377","Dara","Mixed.5.3",2022-06-15,"Mixed","Crowberry",3,2.089,0.597924247,56.56975994,94.61024575,10,5.286,0.67,21.63,0.030975497,"4","yes",NA,9.25,1.546508659,-29.90949856,710683,5509981,49.70544514,-54.077861
"378","Dara","Mixed.5.3",2022-06-15,"Mixed","Crowberry",4,2.491,0.685740807,55.61533661,81.10256247,10,5.286,0.67,21.63,0.030975497,"4","yes",NA,9.25,-1.430859416,-30.39619139,710683,5509981,49.70544514,-54.077861
"379","Dara","Mixed.5.3",2022-06-15,"Mixed","Crowberry",4,2.337,0.885341058,54.50436636,61.56312968,10,5.286,0.67,21.63,0.030975497,"4","yes",NA,9.25,-7.491469803,-29.144849,710683,5509981,49.70544514,-54.077861
"380","Dara","Mixed.5.3",2022-06-15,"Mixed","Kalmia",1,2.34,1.357042568,56.03329917,41.29074539,10,5.286,0.67,21.63,0.030975497,"4","yes",NA,9.25,-7.006879216,-30.64360531,710683,5509981,49.70544514,-54.077861
"381","Dara","Mixed.5.3",2022-06-15,"Mixed","Kalmia",2,2.215,1.294586124,52.29867416,40.39798758,10,5.286,0.67,21.63,0.030975497,"4","yes",NA,9.25,-9.634218687,-31.21047296,710683,5509981,49.70544514,-54.077861
"382","Dara","Mixed.5.3",2022-06-15,"Mixed","Kalmia",3,2.519,1.350318126,51.99578191,38.50632003,10,5.286,0.67,21.63,0.030975497,"4","yes",NA,9.25,-8.727630941,-29.84117954,710683,5509981,49.70544514,-54.077861
"383","Dara","Mixed.5.3",2022-06-15,"Mixed","Kalmia",4,2.432,1.381598683,54.53850852,39.47492798,10,5.286,0.67,21.63,0.030975497,"4","yes",NA,9.25,-8.28796976,-30.70424835,710683,5509981,49.70544514,-54.077861
"384","Dara","Mixed.5.3",2022-06-15,"Mixed","Cladonia",1,4.226,0.245659608,45.36738944,184.6758192,10,5.286,0.67,21.63,0.030975497,"4","yes",NA,9.25,4.412106589,-27.55264929,710683,5509981,49.70544514,-54.077861
"385","Dara","Mixed.5.3",2022-06-15,"Mixed","Cladonia",2,4.286,0.24864495,45.72162252,183.8831736,10,5.286,0.67,21.63,0.030975497,"4","yes",NA,9.25,15.75825183,-28.87848283,710683,5509981,49.70544514,-54.077861
"386","Dara","Mixed.5.3",2022-06-15,"Mixed","Cladonia",3,4.196,0.241856274,45.34010372,187.4671386,10,5.286,0.67,21.63,0.030975497,"4","yes",NA,9.25,1.956596591,-28.34608255,710683,5509981,49.70544514,-54.077861
"387","Dara","Mixed.5.3",2022-06-15,"Mixed","Cladonia",4,3.835,0.281188824,43.97026242,156.3727241,10,5.286,0.67,21.63,0.030975497,"4","yes",NA,9.25,-1.367313816,-29.01299855,710683,5509981,49.70544514,-54.077861
"388","Dara","Mixed.5.3",2022-06-15,"Mixed","Lingonberry",1,2.552,0.613290775,53.24480898,86.81821274,10,5.286,0.67,21.63,0.030975497,"4","yes",NA,9.25,-9.514157034,-31.66042028,710683,5509981,49.70544514,-54.077861
"389","Dara","Mixed.5.3",2022-06-15,"Mixed","Lingonberry",2,2.295,0.651639967,52.92669976,81.22076986,10,5.286,0.67,21.63,0.030975497,"4","yes",NA,9.25,-9.599686742,-30.3409191,710683,5509981,49.70544514,-54.077861
"390","Dara","Mixed.5.3",2022-06-15,"Mixed","Lingonberry",3,2.481,0.572547767,54.18559176,94.63942553,10,5.286,0.67,21.63,0.030975497,"4","yes",NA,9.25,-7.438300512,-30.98259038,710683,5509981,49.70544514,-54.077861
"391","Dara","Mixed.5.4",2022-06-15,"Mixed","Crowberry",1,2.304,0.695345206,55.13649324,79.29369869,10,5.121,1.07,39.25,0.027261146,"7","yes",NA,3,-2.692796789,-30.53459997,710683,5509981,49.70544514,-54.077861
"392","Dara","Mixed.5.4",2022-06-15,"Mixed","Crowberry",2,2.427,0.604281932,56.43311543,93.38871884,10,5.121,1.07,39.25,0.027261146,"7","yes",NA,3,5.272063525,-31.02931104,710683,5509981,49.70544514,-54.077861
"393","Dara","Mixed.5.4",2022-06-15,"Mixed","Crowberry",3,2.536,0.723730562,52.12264655,72.01940786,10,5.121,1.07,39.25,0.027261146,"7","yes",NA,3,-7.452601237,-30.22663072,710683,5509981,49.70544514,-54.077861
"394","Dara","Mixed.5.4",2022-06-15,"Mixed","Kalmia",1,2.169,1.055523947,52.76072631,49.98534279,10,5.121,1.07,39.25,0.027261146,"7","yes",NA,3,-4.035788537,-29.24368993,710683,5509981,49.70544514,-54.077861
"395","Dara","Mixed.5.4",2022-06-15,"Mixed","Cladonia",1,4.327,0.217012398,44.27060727,204.0003597,10,5.121,1.07,39.25,0.027261146,"7","yes",NA,3,8.047381955,-29.14490035,710683,5509981,49.70544514,-54.077861
"396","Dara","Mixed.5.4",2022-06-15,"Mixed","Cladonia",2,4.068,0.153090376,43.83725135,286.348839,10,5.121,1.07,39.25,0.027261146,"7","yes",NA,3,-1.874802821,-28.87853937,710683,5509981,49.70544514,-54.077861
"397","Dara","Mixed.5.4",2022-06-15,"Mixed","Cladonia",3,4.302,0.219900335,44.68570448,203.2088964,10,5.121,1.07,39.25,0.027261146,"7","yes",NA,3,21.61943704,-28.37347212,710683,5509981,49.70544514,-54.077861
"398","Dara","Mixed.5.4",2022-06-15,"Mixed","Cladonia",4,3.892,0.223843257,44.07793902,196.9143034,10,5.121,1.07,39.25,0.027261146,"7","yes",NA,3,11.92681524,-28.83155008,710683,5509981,49.70544514,-54.077861
"399","Dara","Mixed.5.4",2022-06-15,"Mixed","Lingonberry",1,2.446,0.65892065,54.66866378,82.96699126,10,5.121,1.07,39.25,0.027261146,"7","yes",NA,3,-11.06956396,-31.28379518,710683,5509981,49.70544514,-54.077861
"400","Dara","Mixed.5.4",2022-06-15,"Mixed","Lingonberry",2,2.507,0.627297215,53.13959308,84.71198627,10,5.121,1.07,39.25,0.027261146,"7","yes",NA,3,-13.09549455,-30.90238623,710683,5509981,49.70544514,-54.077861
"401","Dara","Mixed.5.4",2022-06-15,"Mixed","Lingonberry",3,2.128,0.591546673,52.65855591,89.01842963,10,5.121,1.07,39.25,0.027261146,"7","yes",NA,3,-13.34028983,-30.16196518,710683,5509981,49.70544514,-54.077861
"402","Dara","Mixed.5.4",2022-06-15,"Mixed","Lingonberry",4,2.27,0.413993745,51.55927451,124.541192,10,5.121,1.07,39.25,0.027261146,"7","yes",NA,3,-5.966953354,-30.98439428,710683,5509981,49.70544514,-54.077861
"403","Dara","Scrub.X.1",2022-06-15,"Scrub","Crowberry",1,2.096,0.731716522,44.09708574,60.26525908,11,5.219,0.92,36.35,0.025309491,"5","yes",NA,5,-8.930150931,-27.83874737,708202,5511183,49.71711,-54.11158
"404","Dara","Scrub.X.1",2022-06-15,"Scrub","Crowberry",2,2.278,1.160850954,54.96721801,47.3507971,11,5.219,0.92,36.35,0.025309491,"5","yes",NA,5,-8.142829049,-27.36505546,708202,5511183,49.71711,-54.11158
"405","Dara","Scrub.X.1",2022-06-15,"Scrub","Crowberry",3,2.223,0.912802924,54.70242571,59.92796939,11,5.219,0.92,36.35,0.025309491,"5","yes",NA,5,-9.066801297,-27.63363734,708202,5511183,49.71711,-54.11158
"406","Dara","Scrub.X.1",2022-06-15,"Scrub","Crowberry",4,2.312,0.845355044,54.89461765,64.93676003,11,5.219,0.92,36.35,0.025309491,"5","yes",NA,5,-8.962423247,-27.93380881,708202,5511183,49.71711,-54.11158
"407","Dara","Scrub.X.1",2022-06-15,"Scrub","Kalmia",1,2.01,1.149824515,54.52695442,47.42197938,11,5.219,0.92,36.35,0.025309491,"5","yes",NA,5,-12.44648686,-29.11729593,708202,5511183,49.71711,-54.11158
"408","Dara","Scrub.X.1",2022-06-15,"Scrub","Kalmia",2,2.455,1.069051431,52.39222136,49.00813922,11,5.219,0.92,36.35,0.025309491,"5","yes",NA,5,-7.961307259,-31.52193952,708202,5511183,49.71711,-54.11158
"409","Dara","Scrub.X.1",2022-06-15,"Scrub","Kalmia",3,2.024,1.138286568,55.49451518,48.75267505,11,5.219,0.92,36.35,0.025309491,"5","yes",NA,5,-9.79667212,-30.66570725,708202,5511183,49.71711,-54.11158
"410","Dara","Scrub.X.1",2022-06-15,"Scrub","Kalmia",4,2.151,1.419635099,52.96648917,37.30993211,11,5.219,0.92,36.35,0.025309491,"5","yes",NA,5,-8.371075617,-31.42836389,708202,5511183,49.71711,-54.11158
"411","Dara","Scrub.X.1",2022-06-15,"Scrub","Cladonia",1,4.267,0.30327132,44.5194598,146.797461,11,5.219,0.92,36.35,0.025309491,"5","yes",NA,5,22.32940841,-29.02054368,708202,5511183,49.71711,-54.11158
"412","Dara","Scrub.X.1",2022-06-15,"Scrub","Cladonia",2,4.101,0.282611391,45.55714248,161.2006592,11,5.219,0.92,36.35,0.025309491,"5","yes",NA,5,14.70932515,-28.01335694,708202,5511183,49.71711,-54.11158
"413","Dara","Scrub.X.1",2022-06-15,"Scrub","Cladonia",3,3.934,0.214209,43.96318115,205.2349858,11,5.219,0.92,36.35,0.025309491,"5","yes",NA,5,12.09366905,-28.07536778,708202,5511183,49.71711,-54.11158
"414","Dara","Scrub.X.2",2022-06-15,"Scrub","Crowberry",1,2.534,0.79688163,55.85039022,70.08618105,11,5.08,1.05,52.37,0.020049647,"4","no",NA,15.5,-4.336676217,-29.28651899,708202,5511183,49.71711,-54.11158
"415","Dara","Scrub.X.2",2022-06-15,"Scrub","Crowberry",2,2.122,0.694603846,52.72800654,75.91090492,11,5.08,1.05,52.37,0.020049647,"4","no",NA,15.5,-5.884855818,-30.05960572,708202,5511183,49.71711,-54.11158
"416","Dara","Scrub.X.2",2022-06-15,"Scrub","Crowberry",3,2.497,0.704463013,55.08931354,78.2004343,11,5.08,1.05,52.37,0.020049647,"4","no",NA,15.5,-9.342729088,-29.16289383,708202,5511183,49.71711,-54.11158
"417","Dara","Scrub.X.2",2022-06-15,"Scrub","Crowberry",4,2.29,0.676447862,55.40516589,81.90604041,11,5.08,1.05,52.37,0.020049647,"4","no",NA,15.5,-4.898872911,-30.03965431,708202,5511183,49.71711,-54.11158
"418","Dara","Scrub.X.2",2022-06-15,"Scrub","Kalmia",1,2.224,1.206406953,52.47163834,43.49414452,11,5.08,1.05,52.37,0.020049647,"4","no",NA,15.5,-9.066611553,-30.76166922,708202,5511183,49.71711,-54.11158
"419","Dara","Scrub.X.2",2022-06-15,"Scrub","Kalmia",2,2.134,1.233713474,53.60239649,43.44801092,11,5.08,1.05,52.37,0.020049647,"4","no",NA,15.5,-3.087758728,-29.44304522,708202,5511183,49.71711,-54.11158
"420","Dara","Scrub.X.2",2022-06-15,"Scrub","Kalmia",3,2.229,1.628321659,54.28604936,33.33865214,11,5.08,1.05,52.37,0.020049647,"4","no",NA,15.5,-0.813656902,-30.90732812,708202,5511183,49.71711,-54.11158
"421","Dara","Scrub.X.2",2022-06-15,"Scrub","Kalmia",4,2.345,1.447811048,54.37457517,37.55640299,11,5.08,1.05,52.37,0.020049647,"4","no",NA,15.5,-4.988483895,-29.88553625,708202,5511183,49.71711,-54.11158
"422","Dara","Scrub.X.2",2022-06-15,"Scrub","Cladonia",1,4.147,0.309216143,44.51018773,143.9452262,11,5.08,1.05,52.37,0.020049647,"4","no",NA,15.5,22.58822245,-27.42559702,708202,5511183,49.71711,-54.11158
"423","Dara","Scrub.X.2",2022-06-15,"Scrub","Cladonia",2,4.037,0.364331661,44.36904966,121.7820311,11,5.08,1.05,52.37,0.020049647,"4","no",NA,15.5,18.48016711,-27.62853668,708202,5511183,49.71711,-54.11158
"424","Dara","Scrub.X.2",2022-06-15,"Scrub","Cladonia",3,4.035,0.206980492,43.86689364,211.9373338,11,5.08,1.05,52.37,0.020049647,"4","no",NA,15.5,19.69247172,-27.09993528,708202,5511183,49.71711,-54.11158
"425","Dara","Scrub.X.2",2022-06-15,"Scrub","Cladonia",4,3.852,0.463159356,44.27937387,95.60289206,11,5.08,1.05,52.37,0.020049647,"4","no",NA,15.5,13.2520503,-28.06693312,708202,5511183,49.71711,-54.11158
"426","Dara","Scrub.X.2",2022-06-15,"Scrub","Lingonberry",1,2.292,0.645852082,51.88886679,80.34171946,11,5.08,1.05,52.37,0.020049647,"4","no",NA,15.5,-7.127734095,-30.6528079,708202,5511183,49.71711,-54.11158
"427","Dara","Scrub.X.2",2022-06-15,"Scrub","Lingonberry",2,2.091,0.655818177,53.31959038,81.30239795,11,5.08,1.05,52.37,0.020049647,"4","no",NA,15.5,-10.62068466,-30.74949908,708202,5511183,49.71711,-54.11158
"428","Dara","Scrub.X.2",2022-06-15,"Scrub","Lingonberry",3,2.468,0.56198046,52.42624755,93.28838146,11,5.08,1.05,52.37,0.020049647,"4","no",NA,15.5,-8.826082966,-31.0260458,708202,5511183,49.71711,-54.11158
"429","Dara","Scrub.X.2",2022-06-15,"Scrub","Lingonberry",4,2.177,0.489904566,52.80140207,107.7789548,11,5.08,1.05,52.37,0.020049647,"4","no",NA,15.5,-10.13743932,-31.26207396,708202,5511183,49.71711,-54.11158
"430","Dara","Scrub.X.3",2022-06-15,"Scrub","Crowberry",1,2.27,0.721161401,56.54649462,78.41031781,11,5.148,0.97,52.58,0.018448079,"?",NA,NA,NA,-3.172866729,-29.63046268,708202,5511183,49.71711,-54.11158
"431","Dara","Scrub.X.3",2022-06-15,"Scrub","Crowberry",2,2.019,0.530453325,56.97210939,107.4026813,11,5.148,0.97,52.58,0.018448079,"?",NA,NA,NA,-5.646117508,-28.97949142,708202,5511183,49.71711,-54.11158
"432","Dara","Scrub.X.3",2022-06-15,"Scrub","Crowberry",3,2.367,0.518812866,56.31533392,108.5465253,11,5.148,0.97,52.58,0.018448079,"?",NA,NA,NA,-9.372218049,-29.0207335,708202,5511183,49.71711,-54.11158
"433","Dara","Scrub.X.3",2022-06-15,"Scrub","Crowberry",4,2.355,0.708352858,56.28199519,79.45474424,11,5.148,0.97,52.58,0.018448079,"?",NA,NA,NA,-5.210973246,-29.23234319,708202,5511183,49.71711,-54.11158
"434","Dara","Scrub.X.3",2022-06-15,"Scrub","Kalmia",1,2.531,1.41829348,55.93517068,39.4383613,11,5.148,0.97,52.58,0.018448079,"?",NA,NA,NA,-5.63907741,-29.66294442,708202,5511183,49.71711,-54.11158
"435","Dara","Scrub.X.3",2022-06-15,"Scrub","Kalmia",2,2.509,0.89798767,54.08994196,60.23461543,11,5.148,0.97,52.58,0.018448079,"?",NA,NA,NA,-7.66293028,-31.89565301,708202,5511183,49.71711,-54.11158
"436","Dara","Scrub.X.3",2022-06-15,"Scrub","Kalmia",3,1.998,1.18831553,57.1903617,48.12725262,11,5.148,0.97,52.58,0.018448079,"?",NA,NA,NA,-8.624634465,-30.32477477,708202,5511183,49.71711,-54.11158
"437","Dara","Scrub.X.3",2022-06-15,"Scrub","Kalmia",4,2.362,1.497992017,55.00068541,36.71627405,11,5.148,0.97,52.58,0.018448079,"?",NA,NA,NA,-9.568018839,-29.28581261,708202,5511183,49.71711,-54.11158
"438","Dara","Scrub.X.3",2022-06-15,"Scrub","Cladonia",1,3.986,0.39414327,43.26558393,109.7712106,11,5.148,0.97,52.58,0.018448079,"?",NA,NA,NA,13.31740896,-28.02074358,708202,5511183,49.71711,-54.11158
"439","Dara","Scrub.X.3",2022-06-15,"Scrub","Cladonia",2,3.948,0.267257041,43.46142948,162.6203347,11,5.148,0.97,52.58,0.018448079,"?",NA,NA,NA,31.79175146,-27.5717463,708202,5511183,49.71711,-54.11158
"440","Dara","Scrub.X.3",2022-06-15,"Scrub","Cladonia",3,4.032,0.386244555,44.80608661,116.0044486,11,5.148,0.97,52.58,0.018448079,"?",NA,NA,NA,38.53855514,-27.90469537,708202,5511183,49.71711,-54.11158
"441","Dara","Scrub.X.3",2022-06-15,"Scrub","Cladonia",4,4.02,0.27833883,43.56933597,156.5334454,11,5.148,0.97,52.58,0.018448079,"?",NA,NA,NA,27.61486036,-27.64691711,708202,5511183,49.71711,-54.11158
"442","Dara","Scrub.X.3",2022-06-15,"Scrub","Lingonberry",1,2.209,0.473563316,54.05220653,114.1393446,11,5.148,0.97,52.58,0.018448079,"?",NA,NA,NA,-6.840130513,-31.45992174,708202,5511183,49.71711,-54.11158
"443","Dara","Scrub.X.3",2022-06-15,"Scrub","Lingonberry",2,2.101,0.688261117,52.75416103,76.64846916,11,5.148,0.97,52.58,0.018448079,"?",NA,NA,NA,-9.367427408,-31.70976342,708202,5511183,49.71711,-54.11158
"444","Dara","Scrub.X.3",2022-06-15,"Scrub","Lingonberry",3,2.23,0.555424761,52.94684064,95.32675592,11,5.148,0.97,52.58,0.018448079,"?",NA,NA,NA,-10.19772329,-32.28597668,708202,5511183,49.71711,-54.11158
"445","Dara","Scrub.X.3",2022-06-15,"Scrub","Lingonberry",4,2.403,0.622401301,52.05257863,83.63186029,11,5.148,0.97,52.58,0.018448079,"?",NA,NA,NA,-11.70427072,-30.06888788,708202,5511183,49.71711,-54.11158
"446","Dara","Scrub.X.4",2022-06-15,"Scrub","Crowberry",1,2.335,0.50119915,57.69416807,115.1122623,11,4.955,0.92,44.97,0.020458083,"?",NA,NA,NA,-7.617962516,-32.38744838,708202,5511183,49.71711,-54.11158
"447","Dara","Scrub.X.4",2022-06-15,"Scrub","Crowberry",2,2.317,0.607515033,56.71058095,93.34844049,11,4.955,0.92,44.97,0.020458083,"?",NA,NA,NA,-5.751540881,-32.44378133,708202,5511183,49.71711,-54.11158
"448","Dara","Scrub.X.4",2022-06-15,"Scrub","Crowberry",3,2.395,0.475671054,57.53100921,120.9470468,11,4.955,0.92,44.97,0.020458083,"?",NA,NA,NA,-1.724644105,-31.77079588,708202,5511183,49.71711,-54.11158
"449","Dara","Scrub.X.4",2022-06-15,"Scrub","Crowberry",4,2.238,0.758303336,56.72192901,74.80110709,11,4.955,0.92,44.97,0.020458083,"?",NA,NA,NA,-6.100554767,-30.29204608,708202,5511183,49.71711,-54.11158
"450","Dara","Scrub.X.4",2022-06-15,"Scrub","Kalmia",1,2.099,1.108335505,54.42726256,49.10720834,11,4.955,0.92,44.97,0.020458083,"?",NA,NA,NA,-10.62010368,-28.64151809,708202,5511183,49.71711,-54.11158
"451","Dara","Scrub.X.4",2022-06-15,"Scrub","Kalmia",2,2.422,1.45624289,54.81147227,37.63896301,11,4.955,0.92,44.97,0.020458083,"?",NA,NA,NA,-9.237116067,-29.64932222,708202,5511183,49.71711,-54.11158
"452","Dara","Scrub.X.4",2022-06-15,"Scrub","Kalmia",3,2.102,1.222595073,55.38440355,45.30069257,11,4.955,0.92,44.97,0.020458083,"?",NA,NA,NA,-5.9526077,-30.59672702,708202,5511183,49.71711,-54.11158
"453","Dara","Scrub.X.4",2022-06-15,"Scrub","Kalmia",4,2.233,1.026316887,54.49215511,53.09486357,11,4.955,0.92,44.97,0.020458083,"?",NA,NA,NA,-8.006365133,-29.7284382,708202,5511183,49.71711,-54.11158
"454","Dara","Scrub.X.4",2022-06-15,"Scrub","Cladonia",1,4.289,0.297776075,44.3443422,148.9184187,11,4.955,0.92,44.97,0.020458083,"?",NA,NA,NA,17.9049711,-27.97484113,708202,5511183,49.71711,-54.11158
"455","Dara","Scrub.X.4",2022-06-15,"Scrub","Cladonia",2,3.93,0.280092189,44.5669266,159.1152071,11,4.955,0.92,44.97,0.020458083,"?",NA,NA,NA,44.10752443,-27.85291432,708202,5511183,49.71711,-54.11158
"456","Dara","Scrub.X.4",2022-06-15,"Scrub","Cladonia",3,3.717,NA,NA,NA,11,4.955,0.92,44.97,0.020458083,"?",NA,NA,NA,NA,NA,708202,5511183,49.71711,-54.11158
"457","Dara","Scrub.X.4",2022-06-15,"Scrub","Cladonia",4,4.06,0.381077798,44.81922933,117.6117569,11,4.955,0.92,44.97,0.020458083,"?",NA,NA,NA,17.12144137,-28.29946277,708202,5511183,49.71711,-54.11158
"458","Dara","Scrub.X.4",2022-06-15,"Scrub","Lingonberry",1,2.038,0.580777416,51.03999879,87.88220308,11,4.955,0.92,44.97,0.020458083,"?",NA,NA,NA,-13.69976587,-32.42128731,708202,5511183,49.71711,-54.11158
"459","Dara","Scrub.X.4",2022-06-15,"Scrub","Lingonberry",2,2.04,0.549180473,53.18452304,96.84343427,11,4.955,0.92,44.97,0.020458083,"?",NA,NA,NA,-12.8927557,-32.06396146,708202,5511183,49.71711,-54.11158
"460","Dara","Scrub.X.4",2022-06-15,"Scrub","Lingonberry",3,2.199,0.382713805,52.35711236,136.8048702,11,4.955,0.92,44.97,0.020458083,"?",NA,NA,NA,-7.791562481,-33.75043807,708202,5511183,49.71711,-54.11158
"461","Dara","Scrub.X.4",2022-06-15,"Scrub","Lingonberry",4,2.341,0.54057585,52.93993158,97.93247617,11,4.955,0.92,44.97,0.020458083,"?",NA,NA,NA,-10.81677235,-31.94622216,708202,5511183,49.71711,-54.11158
"462","Dara","Lichen.4.1",2022-06-15,"Lichen","Crowberry",1,2.057,0.719852357,55.41656625,76.98323925,10,5.083,0.65,47.9,0.013569937,"4","no",NA,22.5,-6.117439173,-30.33494943,707743,5511321,49.71850358,-54.11787071
"463","Dara","Lichen.4.1",2022-06-15,"Lichen","Crowberry",2,2.386,0.466870723,56.13108926,120.2283342,10,5.083,0.65,47.9,0.013569937,"4","no",NA,22.5,-5.493190122,-31.37676681,707743,5511321,49.71850358,-54.11787071
"464","Dara","Lichen.4.1",2022-06-15,"Lichen","Crowberry",3,2.21,0.792008149,55.90765726,70.58975001,10,5.083,0.65,47.9,0.013569937,"4","no",NA,22.5,-9.758588482,-29.4510388,707743,5511321,49.71850358,-54.11787071
"465","Dara","Lichen.4.1",2022-06-15,"Lichen","Crowberry",4,2.139,0.965781214,53.45219667,55.34607207,10,5.083,0.65,47.9,0.013569937,"4","no",NA,22.5,-9.055082561,-29.59926995,707743,5511321,49.71850358,-54.11787071
"466","Dara","Lichen.4.1",2022-06-15,"Lichen","Kalmia",1,2.326,1.053442964,54.2970241,51.54244318,10,5.083,0.65,47.9,0.013569937,"4","no",NA,22.5,-9.312317997,-31.53349758,707743,5511321,49.71850358,-54.11787071
"467","Dara","Lichen.4.1",2022-06-15,"Lichen","Kalmia",2,2.088,1.111772664,55.23956148,49.68602241,10,5.083,0.65,47.9,0.013569937,"4","no",NA,22.5,-7.416460405,-30.48890542,707743,5511321,49.71850358,-54.11787071
"468","Dara","Lichen.4.1",2022-06-15,"Lichen","Kalmia",3,2.409,1.014567991,53.57881862,52.80949046,10,5.083,0.65,47.9,0.013569937,"4","no",NA,22.5,-6.475464672,-31.40892103,707743,5511321,49.71850358,-54.11787071
"469","Dara","Lichen.4.1",2022-06-15,"Lichen","Kalmia",4,2.413,0.446002002,51.79485332,116.1314367,10,5.083,0.65,47.9,0.013569937,"4","no",NA,22.5,-0.275000357,-33.35022569,707743,5511321,49.71850358,-54.11787071
"470","Dara","Lichen.4.1",2022-06-15,"Lichen","Cladonia",1,3.89,0.257240981,43.32036114,168.4038093,10,5.083,0.65,47.9,0.013569937,"4","no",NA,22.5,6.418953296,-29.29555771,707743,5511321,49.71850358,-54.11787071
"471","Dara","Lichen.4.1",2022-06-15,"Lichen","Cladonia",2,3.83,0.257509507,43.40683566,168.5640119,10,5.083,0.65,47.9,0.013569937,"4","no",NA,22.5,1.644576909,-28.6448549,707743,5511321,49.71850358,-54.11787071
"472","Dara","Lichen.4.1",2022-06-15,"Lichen","Cladonia",3,4.29,0.281404854,44.46263409,158.002371,10,5.083,0.65,47.9,0.013569937,"4","no",NA,22.5,4.586503796,-28.57257694,707743,5511321,49.71850358,-54.11787071
"473","Dara","Lichen.4.1",2022-06-15,"Lichen","Cladonia",4,4.115,0.221087628,43.47541092,196.6433457,10,5.083,0.65,47.9,0.013569937,"4","no",NA,22.5,10.9668091,-28.58608271,707743,5511321,49.71850358,-54.11787071
"474","Dara","Lichen.4.1",2022-06-15,"Lichen","Lingonberry",1,2.205,0.466590132,53.69784235,115.0856795,10,5.083,0.65,47.9,0.013569937,"4","no",NA,22.5,-4.016553845,-32.15380425,707743,5511321,49.71850358,-54.11787071
"475","Dara","Lichen.4.1",2022-06-15,"Lichen","Lingonberry",2,2.434,0.617395919,53.85136553,87.22339087,10,5.083,0.65,47.9,0.013569937,"4","no",NA,22.5,-7.926512356,-33.53172287,707743,5511321,49.71850358,-54.11787071
"476","Dara","Lichen.4.1",2022-06-15,"Lichen","Lingonberry",3,2.043,0.50202927,52.96168556,105.4952145,10,5.083,0.65,47.9,0.013569937,"4","no",NA,22.5,-11.3644349,-32.10501006,707743,5511321,49.71850358,-54.11787071
"477","Dara","Lichen.4.1",2022-06-15,"Lichen","Lingonberry",4,2.23,0.773347535,55.42034181,71.6629191,10,5.083,0.65,47.9,0.013569937,"4","no",NA,22.5,-7.805313204,-30.37027791,707743,5511321,49.71850358,-54.11787071
"478","Dara","Lichen.4.2",2022-06-15,"Lichen","Crowberry",1,2.218,0.904741038,53.78474663,59.44766998,10,5.116,0.89,49.53,0.017968908,"4","no",NA,22.5,-6.552922505,-30.7147845,707743,5511321,49.71850358,-54.11787071
"479","Dara","Lichen.4.2",2022-06-15,"Lichen","Crowberry",2,2.485,0.761884279,56.80766699,74.56206744,10,5.116,0.89,49.53,0.017968908,"4","no",NA,22.5,-7.404283225,-30.19396359,707743,5511321,49.71850358,-54.11787071
"480","Dara","Lichen.4.2",2022-06-15,"Lichen","Crowberry",3,2.262,0.585181106,50.67323132,86.59410019,10,5.116,0.89,49.53,0.017968908,"4","no",NA,22.5,-8.069462904,-30.79629499,707743,5511321,49.71850358,-54.11787071
"481","Dara","Lichen.4.2",2022-06-15,"Lichen","Crowberry",4,2.117,0.646520018,55.92255993,86.4978011,10,5.116,0.89,49.53,0.017968908,"4","no",NA,22.5,1.00379307,-31.30432986,707743,5511321,49.71850358,-54.11787071
"482","Dara","Lichen.4.2",2022-06-15,"Lichen","Kalmia",1,2.031,1.433730252,53.39615223,37.24281618,10,5.116,0.89,49.53,0.017968908,"4","no",NA,22.5,-10.62709369,-31.44717218,707743,5511321,49.71850358,-54.11787071
"483","Dara","Lichen.4.2",2022-06-15,"Lichen","Kalmia",2,2.507,1.052719578,50.83726087,48.29136071,10,5.116,0.89,49.53,0.017968908,"4","no",NA,22.5,-5.371026969,-31.76010366,707743,5511321,49.71850358,-54.11787071
"484","Dara","Lichen.4.2",2022-06-15,"Lichen","Kalmia",3,2.259,1.301077321,55.66938024,42.78714213,10,5.116,0.89,49.53,0.017968908,"4","no",NA,22.5,-6.850844786,-31.12747398,707743,5511321,49.71850358,-54.11787071
"485","Dara","Lichen.4.2",2022-06-15,"Lichen","Kalmia",4,2.485,1.219059927,51.67344278,42.38794308,10,5.116,0.89,49.53,0.017968908,"4","no",NA,22.5,-5.890321707,-30.35333939,707743,5511321,49.71850358,-54.11787071
"486","Dara","Lichen.4.2",2022-06-15,"Lichen","Cladonia",1,4.089,0.359841336,45.3969463,126.1582307,10,5.116,0.89,49.53,0.017968908,"4","no",NA,22.5,8.193679613,-29.29990164,707743,5511321,49.71850358,-54.11787071
"487","Dara","Lichen.4.2",2022-06-15,"Lichen","Cladonia",2,4.132,0.216826825,44.07164627,203.2573522,10,5.116,0.89,49.53,0.017968908,"4","no",NA,22.5,2.373879955,-27.58663263,707743,5511321,49.71850358,-54.11787071
"488","Dara","Lichen.4.2",2022-06-15,"Lichen","Cladonia",3,4.083,0.336735002,44.39191777,131.8304232,10,5.116,0.89,49.53,0.017968908,"4","no",NA,22.5,3.633927682,-29.2691317,707743,5511321,49.71850358,-54.11787071
"489","Dara","Lichen.4.2",2022-06-15,"Lichen","Cladonia",4,3.843,0.238524976,43.95863296,184.293627,10,5.116,0.89,49.53,0.017968908,"4","no",NA,22.5,56.86701261,-28.03494433,707743,5511321,49.71850358,-54.11787071
"490","Dara","Lichen.4.2",2022-06-15,"Lichen","Lingonberry",1,2.406,NA,NA,NA,10,5.116,0.89,49.53,0.017968908,"4","no",NA,22.5,NA,NA,707743,5511321,49.71850358,-54.11787071
"491","Dara","Lichen.4.2",2022-06-15,"Lichen","Lingonberry",2,2.102,0.818742746,53.66497333,65.54558631,10,5.116,0.89,49.53,0.017968908,"4","no",NA,22.5,-11.69204695,-32.61153153,707743,5511321,49.71850358,-54.11787071
"492","Dara","Lichen.4.2",2022-06-15,"Lichen","Lingonberry",3,2.185,0.514163913,53.69793006,104.4373764,10,5.116,0.89,49.53,0.017968908,"4","no",NA,22.5,-7.413032021,-33.10031835,707743,5511321,49.71850358,-54.11787071
"493","Dara","Lichen.4.2",2022-06-15,"Lichen","Lingonberry",4,1.976,0.618943297,53.2491593,86.03237086,10,5.116,0.89,49.53,0.017968908,"4","no",NA,22.5,-6.040119026,-32.72639761,707743,5511321,49.71850358,-54.11787071
"494","Dara","Lichen.4.3",2022-06-15,"Lichen","Crowberry",1,2.445,0.512310733,55.87640325,109.0674071,10,5.09,0.72,47.99,0.015003126,"3","no",NA,22.5,-4.139179907,-31.01139869,707743,5511321,49.71850358,-54.11787071
"495","Dara","Lichen.4.3",2022-06-15,"Lichen","Crowberry",2,2.358,0.508773901,57.14087334,112.3109365,10,5.09,0.72,47.99,0.015003126,"3","no",NA,22.5,-3.265773991,-30.75863101,707743,5511321,49.71850358,-54.11787071
"496","Dara","Lichen.4.3",2022-06-15,"Lichen","Crowberry",3,2.408,0.697254084,56.19466719,80.594246,10,5.09,0.72,47.99,0.015003126,"3","no",NA,22.5,-5.1752151,-31.42617957,707743,5511321,49.71850358,-54.11787071
"497","Dara","Lichen.4.3",2022-06-15,"Lichen","Crowberry",4,2.47,0.733007257,54.25033898,74.01064374,10,5.09,0.72,47.99,0.015003126,"3","no",NA,22.5,-6.816735432,-30.81709613,707743,5511321,49.71850358,-54.11787071
"498","Dara","Lichen.4.3",2022-06-15,"Lichen","Kalmia",1,2.337,0.194669312,3.81534861,19.59912722,10,5.09,0.72,47.99,0.015003126,"3","no",NA,22.5,3.565966231,-25.28148831,707743,5511321,49.71850358,-54.11787071
"499","Dara","Lichen.4.3",2022-06-15,"Lichen","Kalmia",2,2.253,1.225111471,63.25048213,51.62834864,10,5.09,0.72,47.99,0.015003126,"3","no",NA,22.5,-6.874514968,-29.02251894,707743,5511321,49.71850358,-54.11787071
"500","Dara","Lichen.4.3",2022-06-15,"Lichen","Kalmia",3,2.135,0.991698248,55.6097269,56.0752497,10,5.09,0.72,47.99,0.015003126,"3","no",NA,22.5,-10.35980886,-31.14236419,707743,5511321,49.71850358,-54.11787071
"501","Dara","Lichen.4.3",2022-06-15,"Lichen","Kalmia",4,2.524,1.131891788,54.98149779,48.57487118,10,5.09,0.72,47.99,0.015003126,"3","no",NA,22.5,-5.828267466,-31.00162494,707743,5511321,49.71850358,-54.11787071
"502","Dara","Lichen.4.3",2022-06-15,"Lichen","Cladonia",1,4.283,0.279432079,44.84624192,160.4906712,10,5.09,0.72,47.99,0.015003126,"3","no",NA,22.5,9.122883578,-28.69424582,707743,5511321,49.71850358,-54.11787071
"503","Dara","Lichen.4.3",2022-06-15,"Lichen","Cladonia",2,4.333,0.2598104,44.67841004,171.9654409,10,5.09,0.72,47.99,0.015003126,"3","no",NA,22.5,13.8559789,-28.73044727,707743,5511321,49.71850358,-54.11787071
"504","Dara","Lichen.4.3",2022-06-15,"Lichen","Cladonia",3,4.048,0.236918373,44.96924108,189.809007,10,5.09,0.72,47.99,0.015003126,"3","no",NA,22.5,8.412374113,-28.76091846,707743,5511321,49.71850358,-54.11787071
"505","Dara","Lichen.4.3",2022-06-15,"Lichen","Cladonia",4,4.259,0.269033479,44.01864291,163.6177142,10,5.09,0.72,47.99,0.015003126,"3","no",NA,22.5,5.847012143,-27.97435457,707743,5511321,49.71850358,-54.11787071
"506","Dara","Lichen.4.3",2022-06-15,"Lichen","Lingonberry",1,2.387,0.711873099,54.80683183,76.98960939,10,5.09,0.72,47.99,0.015003126,"3","no",NA,22.5,-11.09263851,-31.97496489,707743,5511321,49.71850358,-54.11787071
"507","Dara","Lichen.4.3",2022-06-15,"Lichen","Lingonberry",2,2.097,0.622706553,53.11740273,85.30085714,10,5.09,0.72,47.99,0.015003126,"3","no",NA,22.5,-11.92556342,-32.19120009,707743,5511321,49.71850358,-54.11787071
"508","Dara","Lichen.4.3",2022-06-15,"Lichen","Lingonberry",3,2.374,0.601902869,55.11685273,91.57100843,10,5.09,0.72,47.99,0.015003126,"3","no",NA,22.5,-12.0174699,-32.49006897,707743,5511321,49.71850358,-54.11787071
"509","Dara","Lichen.4.3",2022-06-15,"Lichen","Lingonberry",4,2.04,0.585706106,54.17811302,92.50050909,10,5.09,0.72,47.99,0.015003126,"3","no",NA,22.5,-11.60954207,-32.01617457,707743,5511321,49.71850358,-54.11787071
"510","Dara","Lichen.4.4",2022-06-15,"Lichen","Crowberry",1,2.265,0.839894981,55.4959859,66.0749107,10,5.032,0.67,47.61,0.014072674,"3","no",NA,22.5,-8.715280069,-30.2787408,707743,5511321,49.71850358,-54.11787071
"511","Dara","Lichen.4.4",2022-06-15,"Lichen","Crowberry",2,2.457,0.823255329,55.46827282,67.37675523,10,5.032,0.67,47.61,0.014072674,"3","no",NA,22.5,-9.209922741,-30.03115969,707743,5511321,49.71850358,-54.11787071
"512","Dara","Lichen.4.4",2022-06-15,"Lichen","Crowberry",3,2.511,1.031492377,55.48702486,53.79295681,10,5.032,0.67,47.61,0.014072674,"3","no",NA,22.5,-8.606173566,-29.09977913,707743,5511321,49.71850358,-54.11787071
"513","Dara","Lichen.4.4",2022-06-15,"Lichen","Crowberry",4,2.163,0.812365479,55.33604,68.11717316,10,5.032,0.67,47.61,0.014072674,"3","no",NA,22.5,-9.223047519,-30.04348391,707743,5511321,49.71850358,-54.11787071
"514","Dara","Lichen.4.4",2022-06-15,"Lichen","Kalmia",1,2.125,1.385917624,53.6194026,38.68873711,10,5.032,0.67,47.61,0.014072674,"3","no",NA,22.5,-4.964442964,-31.02672784,707743,5511321,49.71850358,-54.11787071
"515","Dara","Lichen.4.4",2022-06-15,"Lichen","Kalmia",2,2.545,1.285131805,54.8434786,42.67537258,10,5.032,0.67,47.61,0.014072674,"3","no",NA,22.5,-9.00197158,-30.25204178,707743,5511321,49.71850358,-54.11787071
"516","Dara","Lichen.4.4",2022-06-15,"Lichen","Kalmia",3,2.406,1.149804226,55.15540071,47.96938422,10,5.032,0.67,47.61,0.014072674,"3","no",NA,22.5,-9.355839697,-30.17039353,707743,5511321,49.71850358,-54.11787071
"517","Dara","Lichen.4.4",2022-06-15,"Lichen","Kalmia",4,2.403,1.191899644,53.63778312,45.00192898,10,5.032,0.67,47.61,0.014072674,"3","no",NA,22.5,-10.2920748,-29.21637904,707743,5511321,49.71850358,-54.11787071
"518","Dara","Lichen.4.4",2022-06-15,"Lichen","Cladonia",1,4.044,0.242427418,44.54280914,183.736681,10,5.032,0.67,47.61,0.014072674,"3","no",NA,22.5,4.476401073,-27.29395525,707743,5511321,49.71850358,-54.11787071
"519","Dara","Lichen.4.4",2022-06-15,"Lichen","Cladonia",2,3.779,0.215810671,42.71894566,197.9464011,10,5.032,0.67,47.61,0.014072674,"3","no",NA,22.5,1.869385156,-26.92065413,707743,5511321,49.71850358,-54.11787071
"520","Dara","Lichen.4.4",2022-06-15,"Lichen","Lingonberry",1,2.278,0.733724043,52.08390198,70.98568253,10,5.032,0.67,47.61,0.014072674,"3","no",NA,22.5,-3.22597105,-32.15434924,707743,5511321,49.71850358,-54.11787071
"521","Dara","Lichen.4.4",2022-06-15,"Lichen","Lingonberry",2,2.076,0.595777613,54.04775424,90.71800128,10,5.032,0.67,47.61,0.014072674,"3","no",NA,22.5,-11.58949069,-31.7120177,707743,5511321,49.71850358,-54.11787071
"522","Dara","Lichen.4.4",2022-06-15,"Lichen","Lingonberry",3,2.573,0.844999366,54.22880913,64.17615364,10,5.032,0.67,47.61,0.014072674,"3","no",NA,22.5,-11.72861114,-32.91951928,707743,5511321,49.71850358,-54.11787071
"523","Dara","Lichen.4.4",2022-06-15,"Lichen","Lingonberry",4,2.494,0.555186848,54.79435258,98.69533616,10,5.032,0.67,47.61,0.014072674,"3","no",NA,22.5,-11.45846721,-30.8105788,707743,5511321,49.71850358,-54.11787071
"524","Dara","Lichen.2.1",2022-06-16,"Lichen","Blueberry",1,2.094,1.883794559,53.09764723,28.18653817,10,4.257,0.47,15.5,0.030322581,"6","yes",NA,4.666666667,-2.682313824,-30.33854624,700793,5506311,49.67585216,-54.21674336
"525","Dara","Lichen.2.1",2022-06-16,"Lichen","Blueberry",2,2.127,2.701474785,52.03971368,19.26344602,10,4.257,0.47,15.5,0.030322581,"6","yes",NA,4.666666667,-1.034403704,-29.00123278,700793,5506311,49.67585216,-54.21674336
"526","Dara","Lichen.2.1",2022-06-16,"Lichen","Blueberry",3,2.124,2.508533956,50.66826469,20.19835712,10,4.257,0.47,15.5,0.030322581,"6","yes",NA,4.666666667,-3.393452931,-30.00582997,700793,5506311,49.67585216,-54.21674336
"527","Dara","Lichen.2.1",2022-06-16,"Lichen","Blueberry",4,2.161,1.209395471,55.82307903,46.157837,10,4.257,0.47,15.5,0.030322581,"6","yes",NA,4.666666667,-3.546601498,-29.850713,700793,5506311,49.67585216,-54.21674336
"528","Dara","Lichen.2.1",2022-06-16,"Lichen","Kalmia",1,2.356,1.213323018,53.39863806,44.0102407,10,4.257,0.47,15.5,0.030322581,"6","yes",NA,4.666666667,-7.835566894,-30.43911926,700793,5506311,49.67585216,-54.21674336
"529","Dara","Lichen.2.1",2022-06-16,"Lichen","Kalmia",2,2.488,1.312547847,56.11099516,42.74967598,10,4.257,0.47,15.5,0.030322581,"6","yes",NA,4.666666667,-6.66953276,-30.31153404,700793,5506311,49.67585216,-54.21674336
"530","Dara","Lichen.2.1",2022-06-16,"Lichen","Kalmia",3,2.458,1.695374483,54.86116926,32.35932227,10,4.257,0.47,15.5,0.030322581,"6","yes",NA,4.666666667,-6.069202651,-31.00320337,700793,5506311,49.67585216,-54.21674336
"531","Dara","Lichen.2.1",2022-06-16,"Lichen","Kalmia",4,2.129,1.334065474,54.7182748,41.01618388,10,4.257,0.47,15.5,0.030322581,"6","yes",NA,4.666666667,-5.99805571,-30.74220855,700793,5506311,49.67585216,-54.21674336
"532","Dara","Lichen.2.1",2022-06-16,"Lichen","Cladonia",1,3.996,0.386440183,45.27178683,117.1508265,10,4.257,0.47,15.5,0.030322581,"6","yes",NA,4.666666667,9.60804024,-29.13414204,700793,5506311,49.67585216,-54.21674336
"533","Dara","Lichen.2.1",2022-06-16,"Lichen","Cladonia",2,4.227,0.31021169,44.94726196,144.8922251,10,4.257,0.47,15.5,0.030322581,"6","yes",NA,4.666666667,4.74028539,-28.60104837,700793,5506311,49.67585216,-54.21674336
"534","Dara","Lichen.2.1",2022-06-16,"Lichen","Cladonia",3,4.315,0.26834576,45.08775869,168.0211333,10,4.257,0.47,15.5,0.030322581,"6","yes",NA,4.666666667,5.404517073,-29.23831702,700793,5506311,49.67585216,-54.21674336
"535","Dara","Lichen.2.1",2022-06-16,"Lichen","Cladonia",4,3.93,0.239723437,41.77098816,174.2465761,10,4.257,0.47,15.5,0.030322581,"6","yes",NA,4.666666667,2.527090959,-29.08472155,700793,5506311,49.67585216,-54.21674336
"536","Dara","Lichen.2.1",2022-06-16,"Lichen","Lingonberry",1,2.345,0.523982889,51.13234779,97.5840029,10,4.257,0.47,15.5,0.030322581,"6","yes",NA,4.666666667,-8.900231527,-32.52692442,700793,5506311,49.67585216,-54.21674336
"537","Dara","Lichen.2.1",2022-06-16,"Lichen","Lingonberry",2,2.02,0.442347049,49.19451201,111.2124794,10,4.257,0.47,15.5,0.030322581,"6","yes",NA,4.666666667,-12.19646672,-31.0623864,700793,5506311,49.67585216,-54.21674336
"538","Dara","Lichen.2.1",2022-06-16,"Lichen","Lingonberry",3,2.269,0.730507821,52.07045649,71.27980696,10,4.257,0.47,15.5,0.030322581,"6","yes",NA,4.666666667,-10.97231963,-29.61333845,700793,5506311,49.67585216,-54.21674336
"539","Dara","Lichen.2.1",2022-06-16,"Lichen","Lingonberry",4,2.171,0.561759669,51.65800239,91.95747805,10,4.257,0.47,15.5,0.030322581,"6","yes",NA,4.666666667,-7.037627253,-30.51138247,700793,5506311,49.67585216,-54.21674336
"540","Dara","Lichen.2.2",2022-06-16,"Lichen","Blueberry",1,2.002,1.925170022,52.4802006,27.26003418,10,5.128,0.47,15.64,0.030051151,"9","yes",NA,2.888888889,-2.723674944,-30.78340225,700793,5506311,49.67585216,-54.21674336
"541","Dara","Lichen.2.2",2022-06-16,"Lichen","Blueberry",2,2.071,2.764323864,48.87729983,17.68146651,10,5.128,0.47,15.64,0.030051151,"9","yes",NA,2.888888889,0.578683408,-29.75045013,700793,5506311,49.67585216,-54.21674336
"542","Dara","Lichen.2.2",2022-06-16,"Lichen","Blueberry",3,2.532,1.939948992,49.87040896,25.70707228,10,5.128,0.47,15.64,0.030051151,"9","yes",NA,2.888888889,-0.422244639,-30.82189823,700793,5506311,49.67585216,-54.21674336
"543","Dara","Lichen.2.2",2022-06-16,"Lichen","Blueberry",4,2.131,2.121538625,51.42255327,24.23832998,10,5.128,0.47,15.64,0.030051151,"9","yes",NA,2.888888889,-5.951510335,-30.26930541,700793,5506311,49.67585216,-54.21674336
"544","Dara","Lichen.2.2",2022-06-16,"Lichen","Blueberry",4,2.29,4.151077317,46.22613897,11.13593784,10,5.128,0.47,15.64,0.030051151,"9","yes",NA,2.888888889,-0.310596794,-29.12066794,700793,5506311,49.67585216,-54.21674336
"545","Dara","Lichen.2.2",2022-06-16,"Lichen","Crowberry",1,2.257,0.688996334,58.48346581,84.88211463,10,5.128,0.47,15.64,0.030051151,"9","yes",NA,2.888888889,-4.409964313,-30.70524039,700793,5506311,49.67585216,-54.21674336
"546","Dara","Lichen.2.2",2022-06-16,"Lichen","Crowberry",2,2.44,0.75792387,56.62636384,74.71246922,10,5.128,0.47,15.64,0.030051151,"9","yes",NA,2.888888889,-2.306186374,-30.11267692,700793,5506311,49.67585216,-54.21674336
"547","Dara","Lichen.2.2",2022-06-16,"Lichen","Crowberry",3,2.226,0.607635782,54.490159,89.67569161,10,5.128,0.47,15.64,0.030051151,"9","yes",NA,2.888888889,-3.743757242,-30.72377209,700793,5506311,49.67585216,-54.21674336
"548","Dara","Lichen.2.2",2022-06-16,"Lichen","Crowberry",4,2.239,0.545237448,54.58714445,100.1162789,10,5.128,0.47,15.64,0.030051151,"9","yes",NA,2.888888889,-4.76979663,-30.06221983,700793,5506311,49.67585216,-54.21674336
"549","Dara","Lichen.2.2",2022-06-16,"Lichen","Kalmia",1,2.182,1.00856916,49.30113361,48.88225377,10,5.128,0.47,15.64,0.030051151,"9","yes",NA,2.888888889,-7.927446229,-29.57058968,700793,5506311,49.67585216,-54.21674336
"550","Dara","Lichen.2.2",2022-06-16,"Lichen","Kalmia",2,2.126,1.253521777,52.4180964,41.81666194,10,5.128,0.47,15.64,0.030051151,"9","yes",NA,2.888888889,-7.164450391,-29.97449551,700793,5506311,49.67585216,-54.21674336
"551","Dara","Lichen.2.2",2022-06-16,"Lichen","Kalmia",3,2.09,1.041560938,53.83331869,51.68523194,10,5.128,0.47,15.64,0.030051151,"9","yes",NA,2.888888889,-9.702561561,-29.84936984,700793,5506311,49.67585216,-54.21674336
"552","Dara","Lichen.2.2",2022-06-16,"Lichen","Kalmia",4,1.929,1.163074963,52.65136585,45.26910778,10,5.128,0.47,15.64,0.030051151,"9","yes",NA,2.888888889,-6.239237305,-29.04122425,700793,5506311,49.67585216,-54.21674336
"553","Dara","Lichen.2.2",2022-06-16,"Lichen","Cladonia",1,3.681,0.252578333,41.24557432,163.2981494,10,5.128,0.47,15.64,0.030051151,"9","yes",NA,2.888888889,1.322851827,-27.63024625,700793,5506311,49.67585216,-54.21674336
"554","Dara","Lichen.2.2",2022-06-16,"Lichen","Cladonia",2,4.124,0.317228491,44.92448306,141.6155367,10,5.128,0.47,15.64,0.030051151,"9","yes",NA,2.888888889,4.903993538,-27.98690824,700793,5506311,49.67585216,-54.21674336
"555","Dara","Lichen.2.2",2022-06-16,"Lichen","Cladonia",3,3.804,0.197256622,43.09436014,218.4685094,10,5.128,0.47,15.64,0.030051151,"9","yes",NA,2.888888889,8.953860616,-27.13303892,700793,5506311,49.67585216,-54.21674336
"556","Dara","Lichen.2.2",2022-06-16,"Lichen","Cladonia",4,4.03,0.239338693,42.99574797,179.6439489,10,5.128,0.47,15.64,0.030051151,"9","yes",NA,2.888888889,25.0230829,-27.00915476,700793,5506311,49.67585216,-54.21674336
"557","Dara","Lichen.2.2",2022-06-16,"Lichen","Lingonberry",1,2.456,0.504426469,50.84471024,100.7970703,10,5.128,0.47,15.64,0.030051151,"9","yes",NA,2.888888889,-9.237074614,-32.26553988,700793,5506311,49.67585216,-54.21674336
"558","Dara","Lichen.2.2",2022-06-16,"Lichen","Lingonberry",2,2.379,0.616225655,53.6577166,87.07478524,10,5.128,0.47,15.64,0.030051151,"9","yes",NA,2.888888889,-10.64231229,-30.71765082,700793,5506311,49.67585216,-54.21674336
"559","Dara","Lichen.2.2",2022-06-16,"Lichen","Lingonberry",3,2.39,0.402947856,48.86144464,121.2599693,10,5.128,0.47,15.64,0.030051151,"9","yes",NA,2.888888889,-11.54081105,-31.70265952,700793,5506311,49.67585216,-54.21674336
"560","Dara","Lichen.2.2",2022-06-16,"Lichen","Lingonberry",4,2.444,0.47177721,47.35389484,100.373426,10,5.128,0.47,15.64,0.030051151,"9","yes",NA,2.888888889,-10.06545883,-31.83923434,700793,5506311,49.67585216,-54.21674336
"561","Dara","Lichen.2.3",2022-06-16,"Lichen","Blueberry",1,2.279,3.26323561,49.49880847,15.16862844,10,5.084,0.58,19.34,0.029989659,"9","yes",NA,2.555555556,-2.40457147,-28.92490832,700793,5506311,49.67585216,-54.21674336
"562","Dara","Lichen.2.3",2022-06-16,"Lichen","Blueberry",2,2.364,3.179684853,48.35028326,15.20599855,10,5.084,0.58,19.34,0.029989659,"9","yes",NA,2.555555556,-3.463947706,-29.13146576,700793,5506311,49.67585216,-54.21674336
"563","Dara","Lichen.2.3",2022-06-16,"Lichen","Blueberry",3,2.336,2.607312997,47.53679385,18.23210098,10,5.084,0.58,19.34,0.029989659,"9","yes",NA,2.555555556,-4.52952305,-28.8165392,700793,5506311,49.67585216,-54.21674336
"564","Dara","Lichen.2.3",2022-06-16,"Lichen","Crowberry",1,2.118,0.837030736,53.01268374,63.33421396,10,5.084,0.58,19.34,0.029989659,"9","yes",NA,2.555555556,-8.328037737,-27.97004989,700793,5506311,49.67585216,-54.21674336
"565","Dara","Lichen.2.3",2022-06-16,"Lichen","Crowberry",2,2.167,1.05997073,55.06602549,51.95051519,10,5.084,0.58,19.34,0.029989659,"9","yes",NA,2.555555556,-7.684240518,-28.96552858,700793,5506311,49.67585216,-54.21674336
"566","Dara","Lichen.2.3",2022-06-16,"Lichen","Crowberry",3,2.384,0.724767692,55.5612294,76.66074248,10,5.084,0.58,19.34,0.029989659,"9","yes",NA,2.555555556,-7.498889687,-28.19083102,700793,5506311,49.67585216,-54.21674336
"567","Dara","Lichen.2.3",2022-06-16,"Lichen","Crowberry",4,2.496,1.321543136,51.76384825,39.16924603,10,5.084,0.58,19.34,0.029989659,"9","yes",NA,2.555555556,-6.668600418,-28.95492348,700793,5506311,49.67585216,-54.21674336
"568","Dara","Lichen.2.3",2022-06-16,"Lichen","Kalmia",1,1.999,1.11864778,52.16607601,46.6331556,10,5.084,0.58,19.34,0.029989659,"9","yes",NA,2.555555556,-7.970873249,-30.03716527,700793,5506311,49.67585216,-54.21674336
"569","Dara","Lichen.2.3",2022-06-16,"Lichen","Kalmia",2,4.16,1.31647984,45.96188223,34.91271255,10,5.084,0.58,19.34,0.029989659,"9","yes",NA,2.555555556,-7.032395005,-31.33319153,700793,5506311,49.67585216,-54.21674336
"570","Dara","Lichen.2.3",2022-06-16,"Lichen","Kalmia",3,2.064,1.484239053,65.50748193,44.1353984,10,5.084,0.58,19.34,0.029989659,"9","yes",NA,2.555555556,-6.879192137,-30.68181091,700793,5506311,49.67585216,-54.21674336
"571","Dara","Lichen.2.3",2022-06-16,"Lichen","Kalmia",4,2.205,1.086080842,54.66805509,50.33516198,10,5.084,0.58,19.34,0.029989659,"9","yes",NA,2.555555556,-8.427915519,-29.53751178,700793,5506311,49.67585216,-54.21674336
"572","Dara","Lichen.2.3",2022-06-16,"Lichen","Cladonia",1,2.98,0.426215002,58.39610996,137.0109209,10,5.084,0.58,19.34,0.029989659,"9","yes",NA,2.555555556,2.466237673,-27.60473177,700793,5506311,49.67585216,-54.21674336
"573","Dara","Lichen.2.3",2022-06-16,"Lichen","Cladonia",2,4.149,0.846513344,44.33085247,52.36875803,10,5.084,0.58,19.34,0.029989659,"9","yes",NA,2.555555556,-0.808464536,-29.39274451,700793,5506311,49.67585216,-54.21674336
"574","Dara","Lichen.2.3",2022-06-16,"Lichen","Cladonia",3,4.107,0.411815034,43.99687224,106.8364888,10,5.084,0.58,19.34,0.029989659,"9","yes",NA,2.555555556,1.354212701,-28.68286551,700793,5506311,49.67585216,-54.21674336
"575","Dara","Lichen.2.3",2022-06-16,"Lichen","Cladonia",4,4.185,0.588476531,43.91762046,74.62934913,10,5.084,0.58,19.34,0.029989659,"9","yes",NA,2.555555556,-2.743052813,-29.10496026,700793,5506311,49.67585216,-54.21674336
"576","Dara","Lichen.2.3",2022-06-16,"Lichen","Lingonberry",1,2.022,0.91453156,57.38221926,62.74493057,10,5.084,0.58,19.34,0.029989659,"9","yes",NA,2.555555556,-7.155691652,-30.36047366,700793,5506311,49.67585216,-54.21674336
"577","Dara","Lichen.2.3",2022-06-16,"Lichen","Lingonberry",2,2.332,0.531139751,51.4593393,96.88474491,10,5.084,0.58,19.34,0.029989659,"9","yes",NA,2.555555556,-7.475175094,-31.73931742,700793,5506311,49.67585216,-54.21674336
"578","Dara","Lichen.2.3",2022-06-16,"Lichen","Lingonberry",3,2.546,0.482547574,51.16899101,106.0392669,10,5.084,0.58,19.34,0.029989659,"9","yes",NA,2.555555556,-10.48381088,-32.05177641,700793,5506311,49.67585216,-54.21674336
"579","Dara","Lichen.2.3",2022-06-16,"Lichen","Lingonberry",4,2.366,0.784399255,53.60507018,68.33901213,10,5.084,0.58,19.34,0.029989659,"9","yes",NA,2.555555556,-11.07848819,-31.47695052,700793,5506311,49.67585216,-54.21674336
"580","Dara","Lichen.2.4",2022-06-16,"Lichen","Blueberry",1,2.282,2.339660933,51.82338048,22.14995334,10,5.072,0.52,19.95,0.026065163,"6","yes",NA,4.833333333,-4.953501739,-29.96335551,700793,5506311,49.67585216,-54.21674336
"581","Dara","Lichen.2.4",2022-06-16,"Lichen","Blueberry",2,2.026,2.143573997,51.49804961,24.02438622,10,5.072,0.52,19.95,0.026065163,"6","yes",NA,4.833333333,-3.798515894,-31.09589134,700793,5506311,49.67585216,-54.21674336
"582","Dara","Lichen.2.4",2022-06-16,"Lichen","Blueberry",3,2.24,1.484018755,53.54030871,36.07791919,10,5.072,0.52,19.95,0.026065163,"6","yes",NA,4.833333333,-5.091330749,-30.99773423,700793,5506311,49.67585216,-54.21674336
"583","Dara","Lichen.2.4",2022-06-16,"Lichen","Blueberry",4,2.117,2.275532962,50.76121699,22.30739692,10,5.072,0.52,19.95,0.026065163,"6","yes",NA,4.833333333,-2.32069216,-30.76653278,700793,5506311,49.67585216,-54.21674336
"584","Dara","Lichen.2.4",2022-06-16,"Lichen","Crowberry",1,2.46,0.571804513,55.78553685,97.56050467,10,5.072,0.52,19.95,0.026065163,"6","yes",NA,4.833333333,-3.836636339,-29.78549034,700793,5506311,49.67585216,-54.21674336
"585","Dara","Lichen.2.4",2022-06-16,"Lichen","Crowberry",2,2.406,0.796854653,54.77070595,68.73362134,10,5.072,0.52,19.95,0.026065163,"6","yes",NA,4.833333333,-7.003607352,-29.05465193,700793,5506311,49.67585216,-54.21674336
"586","Dara","Lichen.2.4",2022-06-16,"Lichen","Crowberry",3,2.523,1.132673629,61.90752499,54.65610164,10,5.072,0.52,19.95,0.026065163,"6","yes",NA,4.833333333,-7.193078701,-28.89481149,700793,5506311,49.67585216,-54.21674336
"587","Dara","Lichen.2.4",2022-06-16,"Lichen","Crowberry",4,2.125,0.970904593,52.85205045,54.43588467,10,5.072,0.52,19.95,0.026065163,"6","yes",NA,4.833333333,-9.362796175,-28.20126092,700793,5506311,49.67585216,-54.21674336
"588","Dara","Lichen.2.4",2022-06-16,"Lichen","Kalmia",1,2.189,0.804133372,43.43387043,54.01326685,10,5.072,0.52,19.95,0.026065163,"6","yes",NA,4.833333333,-11.60289168,-29.54451323,700793,5506311,49.67585216,-54.21674336
"589","Dara","Lichen.2.4",2022-06-16,"Lichen","Kalmia",2,2.189,1.13489303,56.00153449,49.34520966,10,5.072,0.52,19.95,0.026065163,"6","yes",NA,4.833333333,-12.85216606,-28.97330789,700793,5506311,49.67585216,-54.21674336
"590","Dara","Lichen.2.4",2022-06-16,"Lichen","Kalmia",3,2.504,0.998800025,50.15579256,50.21605057,10,5.072,0.52,19.95,0.026065163,"6","yes",NA,4.833333333,-11.96449482,-29.41203506,700793,5506311,49.67585216,-54.21674336
"591","Dara","Lichen.2.4",2022-06-16,"Lichen","Kalmia",4,2.435,1.132611878,52.15182108,46.04562437,10,5.072,0.52,19.95,0.026065163,"6","yes",NA,4.833333333,-11.45454517,-29.87629983,700793,5506311,49.67585216,-54.21674336
"592","Dara","Lichen.2.4",2022-06-16,"Lichen","Cladonia",1,4.108,0.228708702,44.20248269,193.2697893,10,5.072,0.52,19.95,0.026065163,"6","yes",NA,4.833333333,2.657260325,-27.93953032,700793,5506311,49.67585216,-54.21674336
"593","Dara","Lichen.2.4",2022-06-16,"Lichen","Cladonia",2,3.89,0.210939535,43.07479406,204.2044612,10,5.072,0.52,19.95,0.026065163,"6","yes",NA,4.833333333,18.95472035,-27.9727518,700793,5506311,49.67585216,-54.21674336
"594","Dara","Lichen.2.4",2022-06-16,"Lichen","Cladonia",3,3.855,0.15441586,42.7254016,276.6905001,10,5.072,0.52,19.95,0.026065163,"6","yes",NA,4.833333333,-1.772246602,-27.84956847,700793,5506311,49.67585216,-54.21674336
"595","Dara","Lichen.2.4",2022-06-16,"Lichen","Cladonia",4,2.169,0.593587631,77.4630747,130.4998127,10,5.072,0.52,19.95,0.026065163,"6","yes",NA,4.833333333,10.11150791,-28.9238176,700793,5506311,49.67585216,-54.21674336
"596","Dara","Lichen.2.4",2022-06-16,"Lichen","Lingonberry",1,2.199,0.544208918,51.10438677,93.9058238,10,5.072,0.52,19.95,0.026065163,"6","yes",NA,4.833333333,-10.30742402,-32.5918023,700793,5506311,49.67585216,-54.21674336
"597","Dara","Lichen.2.4",2022-06-16,"Lichen","Lingonberry",2,2.257,0.571473586,48.52707414,84.91569047,10,5.072,0.52,19.95,0.026065163,"6","yes",NA,4.833333333,-9.216240298,-31.78115253,700793,5506311,49.67585216,-54.21674336
"598","Dara","Lichen.2.4",2022-06-16,"Lichen","Lingonberry",3,2.257,0.621490585,51.52155775,82.89998105,10,5.072,0.52,19.95,0.026065163,"6","yes",NA,4.833333333,-11.89324645,-33.38491832,700793,5506311,49.67585216,-54.21674336
"599","Dara","Lichen.2.4",2022-06-16,"Lichen","Lingonberry",4,2.121,0.492999435,51.30443532,104.065911,10,5.072,0.52,19.95,0.026065163,"6","yes",NA,4.833333333,-11.55170321,-32.37838509,700793,5506311,49.67585216,-54.21674336
"600","1","Mixed.12",2022-06-14,"Mixed","Alder",1,3.194,3.82,50.36,0.075853852,10,5.143,1.81,31.99,0.056580181,"3","yes",NA,8.333333333,NA,NA,700643,5504661,49.66107855,-54.21966564
"601","1","Mixed.12",2022-06-14,"Mixed","Alder",2,3.134,3.9,51.22,0.076142132,10,5.143,1.81,31.99,0.056580181,"3","yes",NA,8.333333333,NA,NA,700643,5504661,49.66107855,-54.21966564
"602","1","Mixed.12",2022-06-14,"Mixed","Alder",3,3.297,3.73,50.77,0.073468584,10,5.143,1.81,31.99,0.056580181,"3","yes",NA,8.333333333,NA,NA,700643,5504661,49.66107855,-54.21966564
"603","1","Mixed.12",2022-06-14,"Mixed","Alder",4,3.131,3.63,50.49,0.071895425,10,5.143,1.81,31.99,0.056580181,"3","yes",NA,8.333333333,NA,NA,700643,5504661,49.66107855,-54.21966564
"604","1","Mixed.6",2022-06-15,"Mixed","Alder",1,3.296,3.63,49.57,0.073229776,10,5.085,1.08,44.75,0.024134078,"3","yes",NA,10,NA,NA,710823,5510001,49.70557581,-54.07591109
"605","1","Mixed.6",2022-06-15,"Mixed","Alder",2,3.484,3.23,50.15,0.06440678,10,5.085,1.08,44.75,0.024134078,"3","yes",NA,10,NA,NA,710823,5510001,49.70557581,-54.07591109
"606","1","Mixed.6",2022-06-15,"Mixed","Alder",3,3.461,3.23,50.78,0.06360772,10,5.085,1.08,44.75,0.024134078,"3","yes",NA,10,NA,NA,710823,5510001,49.70557581,-54.07591109
"607","1","Mixed.6",2022-06-15,"Mixed","Alder",4,3.281,3.09,51.14,0.06042237,10,5.085,1.08,44.75,0.024134078,"3","yes",NA,10,NA,NA,710823,5510001,49.70557581,-54.07591109
"608","3","Mixed.12",2022-06-14,"Mixed","Alder",1,3.194,3.82,50.36,0.075853852,10,5.143,1.81,31.99,0.056580181,"3","yes",NA,8.333333333,NA,NA,700643,5504661,49.66107855,-54.21966564
"609","3","Mixed.12",2022-06-14,"Mixed","Alder",2,3.134,3.9,51.22,0.076142132,10,5.143,1.81,31.99,0.056580181,"3","yes",NA,8.333333333,NA,NA,700643,5504661,49.66107855,-54.21966564
"610","3","Mixed.12",2022-06-14,"Mixed","Alder",3,3.297,3.73,50.77,0.073468584,10,5.143,1.81,31.99,0.056580181,"3","yes",NA,8.333333333,NA,NA,700643,5504661,49.66107855,-54.21966564
"611","3","Mixed.12",2022-06-14,"Mixed","Alder",4,3.131,3.63,50.49,0.071895425,10,5.143,1.81,31.99,0.056580181,"3","yes",NA,8.333333333,NA,NA,700643,5504661,49.66107855,-54.21966564
"612","3","Mixed.6",2022-06-15,"Mixed","Alder",1,3.296,3.63,49.57,0.073229776,10,5.085,1.08,44.75,0.024134078,"3","yes",NA,10,NA,NA,710823,5510001,49.70557581,-54.07591109
"613","3","Mixed.6",2022-06-15,"Mixed","Alder",2,3.484,3.23,50.15,0.06440678,10,5.085,1.08,44.75,0.024134078,"3","yes",NA,10,NA,NA,710823,5510001,49.70557581,-54.07591109
"614","3","Mixed.6",2022-06-15,"Mixed","Alder",3,3.461,3.23,50.78,0.06360772,10,5.085,1.08,44.75,0.024134078,"3","yes",NA,10,NA,NA,710823,5510001,49.70557581,-54.07591109
"615","3","Mixed.6",2022-06-15,"Mixed","Alder",4,3.281,3.09,51.14,0.06042237,10,5.085,1.08,44.75,0.024134078,"3","yes",NA,10,NA,NA,710823,5510001,49.70557581,-54.07591109
"616","6","Scrub.1",2022-06-15,"Scrub","Dwarf_birch",1,3.112,3.01,50.27,0.059876666,11,5.181,1.06,33.77,0.031388807,"5",NA,NA,6.6,NA,NA,709843,5510511,49.71049926,-54.08921105
"617","6","Scrub.1",2022-06-15,"Scrub","Dwarf_birch",2,3.401,3.2,49.22,0.065014222,11,5.181,1.06,33.77,0.031388807,"5",NA,NA,6.6,NA,NA,709843,5510511,49.71049926,-54.08921105
"618","6","Scrub.1",2022-06-15,"Scrub","Dwarf_birch",3,3.006,3.09,50.12,0.061652035,11,5.181,1.06,33.77,0.031388807,"5",NA,NA,6.6,NA,NA,709843,5510511,49.71049926,-54.08921105
"619","6","Scrub.1",2022-06-15,"Scrub","Dwarf_birch",4,3.002,3.31,49.54,0.066814695,11,5.181,1.06,33.77,0.031388807,"5",NA,NA,6.6,NA,NA,709843,5510511,49.71049926,-54.08921105
"620","9","Wetland.20",2022-06-16,"Wetland","Dwarf_birch",1,2.959,2.08,49.36,0.042139384,11,5.349,2.1,51.66,0.040650407,"3","yes",NA,22.5,NA,NA,702313,5509731,49.70606853,-54.19393106
"621","9","Wetland.20",2022-06-16,"Wetland","Dwarf_birch",2,3.014,2.42,47.16,0.051314673,11,5.349,2.1,51.66,0.040650407,"3","yes",NA,22.5,NA,NA,702313,5509731,49.70606853,-54.19393106
"622","9","Wetland.20",2022-06-16,"Wetland","Dwarf_birch",3,3.002,1.71,50.86,0.033621707,11,5.349,2.1,51.66,0.040650407,"3","yes",NA,22.5,NA,NA,702313,5509731,49.70606853,-54.19393106
"623","9","Wetland.20",2022-06-16,"Wetland","Dwarf_birch",4,3.083,1.97,49.42,0.039862404,11,5.349,2.1,51.66,0.040650407,"3","yes",NA,22.5,NA,NA,702313,5509731,49.70606853,-54.19393106
"624","9","Wetland.28",2022-06-14,"Wetland","Dwarf_birch",1,3.035,2.19,51.08,0.042873923,11,5.076,1.99,51.08,0.038958496,"3","no",NA,25,NA,NA,700223,5503591,49.65160516,-54.22602531
"625","9","Wetland.28",2022-06-15,"Wetland","Dwarf_birch",1,3.035,2.19,51.08,0.042873923,11,5.076,1.99,51.08,0.038958496,"3","no",NA,25,NA,NA,700223,5503591,49.65160516,-54.22602531
"626","9","Wetland.28",2022-06-14,"Wetland","Dwarf_birch",2,3.251,3.08,49.13,0.06269082,11,5.076,1.99,51.08,0.038958496,"3","no",NA,25,NA,NA,700223,5503591,49.65160516,-54.22602531
"627","9","Wetland.28",2022-06-15,"Wetland","Dwarf_birch",2,3.251,3.08,49.13,0.06269082,11,5.076,1.99,51.08,0.038958496,"3","no",NA,25,NA,NA,700223,5503591,49.65160516,-54.22602531
"628","9","Wetland.28",2022-06-14,"Wetland","Dwarf_birch",3,3.003,2.64,49.03,0.053844585,11,5.076,1.99,51.08,0.038958496,"3","no",NA,25,NA,NA,700223,5503591,49.65160516,-54.22602531
"629","9","Wetland.28",2022-06-15,"Wetland","Dwarf_birch",3,3.003,2.64,49.03,0.053844585,11,5.076,1.99,51.08,0.038958496,"3","no",NA,25,NA,NA,700223,5503591,49.65160516,-54.22602531
"630","9","Wetland.28",2022-06-14,"Wetland","Dwarf_birch",4,3.209,2.56,48.19,0.053123055,11,5.076,1.99,51.08,0.038958496,"3","no",NA,25,NA,NA,700223,5503591,49.65160516,-54.22602531
"631","9","Wetland.28",2022-06-15,"Wetland","Dwarf_birch",4,3.209,2.56,48.19,0.053123055,11,5.076,1.99,51.08,0.038958496,"3","no",NA,25,NA,NA,700223,5503591,49.65160516,-54.22602531
"632","10","Wetland.8",2022-06-14,"Wetland","Dwarf_birch",1,3.315,2.73,52.31,0.052188874,11,5.224,2.27,52.84,0.042959879,"3","no",NA,44,NA,NA,696093,5505131,49.66679728,-54.28240451
"633","10","Wetland.8",2022-06-14,"Wetland","Dwarf_birch",2,3.11,3.62,49.63,0.072939754,11,5.224,2.27,52.84,0.042959879,"3","no",NA,44,NA,NA,696093,5505131,49.66679728,-54.28240451
"634","10","Wetland.8",2022-06-14,"Wetland","Dwarf_birch",3,3.106,3.82,47.99,0.079599917,11,5.224,2.27,52.84,0.042959879,"3","no",NA,44,NA,NA,696093,5505131,49.66679728,-54.28240451
"635","10","Wetland.8",2022-06-14,"Wetland","Dwarf_birch",4,3.042,3.63,50.1,0.07245509,11,5.224,2.27,52.84,0.042959879,"3","no",NA,44,NA,NA,696093,5505131,49.66679728,-54.28240451
"636","1","Mixed.6",2022-06-15,"Mixed","Blueberry",1,3.284,3.17,49.21,0.064417801,10,5.085,1.08,44.75,0.024134078,"3","yes",NA,10,NA,NA,710823,5510001,49.70557581,-54.07591109
"637","1","Mixed.6",2022-06-15,"Mixed","Blueberry",2,3.541,3.55,50.42,0.070408568,10,5.085,1.08,44.75,0.024134078,"3","yes",NA,10,NA,NA,710823,5510001,49.70557581,-54.07591109
"638","1","Mixed.6",2022-06-15,"Mixed","Blueberry",3,3.047,3.86,47.74,0.080854629,10,5.085,1.08,44.75,0.024134078,"3","yes",NA,10,NA,NA,710823,5510001,49.70557581,-54.07591109
"639","1","Mixed.6",2022-06-15,"Mixed","Blueberry",4,3.158,2.97,46.85,0.06339381,10,5.085,1.08,44.75,0.024134078,"3","yes",NA,10,NA,NA,710823,5510001,49.70557581,-54.07591109
"640","2","Lichen.9",2022-06-14,"Lichen","Blueberry",1,3.061,2.84,49.32,0.057583131,10,5.01,0.49,24.39,0.020090201,"3","yes",NA,18.33333333,NA,NA,699923,5506191,49.67506315,-54.22884911
"641","2","Lichen.9",2022-06-14,"Lichen","Blueberry",2,3.418,2.74,50.84,0.053894571,10,5.01,0.49,24.39,0.020090201,"3","yes",NA,18.33333333,NA,NA,699923,5506191,49.67506315,-54.22884911
"642","2","Lichen.9",2022-06-14,"Lichen","Blueberry",3,3.301,2.81,49.65,0.056596173,10,5.01,0.49,24.39,0.020090201,"3","yes",NA,18.33333333,NA,NA,699923,5506191,49.67506315,-54.22884911
"643","2","Lichen.9",2022-06-14,"Lichen","Blueberry",4,3.035,2.71,50.46,0.053705906,10,5.01,0.49,24.39,0.020090201,"3","yes",NA,18.33333333,NA,NA,699923,5506191,49.67506315,-54.22884911
"644","3","Mixed.6",2022-06-15,"Mixed","Blueberry",1,3.284,3.17,49.21,0.064417801,10,5.085,1.08,44.75,0.024134078,"3","yes",NA,10,NA,NA,710823,5510001,49.70557581,-54.07591109
"645","3","Mixed.6",2022-06-15,"Mixed","Blueberry",1,3.284,3.17,49.21,0.064417801,10,5.085,1.08,44.75,0.024134078,"3","yes",NA,10,NA,NA,710823,5510001,49.70557581,-54.07591109
"646","3","Mixed.6",2022-06-15,"Mixed","Blueberry",2,3.541,3.55,50.42,0.070408568,10,5.085,1.08,44.75,0.024134078,"3","yes",NA,10,NA,NA,710823,5510001,49.70557581,-54.07591109
"647","3","Mixed.6",2022-06-15,"Mixed","Blueberry",3,3.047,3.86,47.74,0.080854629,10,5.085,1.08,44.75,0.024134078,"3","yes",NA,10,NA,NA,710823,5510001,49.70557581,-54.07591109
"648","3","Mixed.6",2022-06-15,"Mixed","Blueberry",4,3.158,2.97,46.85,0.06339381,10,5.085,1.08,44.75,0.024134078,"3","yes",NA,10,NA,NA,710823,5510001,49.70557581,-54.07591109
"649","4","Rocky.10",2022-06-15,"Rocky","Blueberry",1,3.121,3.24,52.14,0.062140391,10,5.137,0.57,20.3,0.028078818,"3","yes",NA,9,NA,NA,712273,5509621,49.70165322,-54.05603414
"650","4","Rocky.10",2022-06-15,"Rocky","Blueberry",2,3.111,3.43,51,0.067254902,10,5.137,0.57,20.3,0.028078818,"3","yes",NA,9,NA,NA,712273,5509621,49.70165322,-54.05603414
"651","4","Rocky.10",2022-06-15,"Rocky","Blueberry",3,2.995,2.18,53.05,0.041093308,10,5.137,0.57,20.3,0.028078818,"3","yes",NA,9,NA,NA,712273,5509621,49.70165322,-54.05603414
"652","4","Rocky.10",2022-06-15,"Rocky","Blueberry",4,3.103,2.23,52,0.042884615,10,5.137,0.57,20.3,0.028078818,"3","yes",NA,9,NA,NA,712273,5509621,49.70165322,-54.05603414
"653","6","Scrub.1",2022-06-15,"Scrub","Blueberry",1,3.064,3.06,48.76,0.062756358,11,5.181,1.06,33.77,0.031388807,"5",NA,NA,6.6,NA,NA,709843,5510511,49.71049926,-54.08921105
"654","6","Scrub.1",2022-06-15,"Scrub","Blueberry",2,3.387,2.7,50.45,0.053518335,11,5.181,1.06,33.77,0.031388807,"5",NA,NA,6.6,NA,NA,709843,5510511,49.71049926,-54.08921105
"655","6","Scrub.1",2022-06-15,"Scrub","Blueberry",3,3.075,2.68,50.35,0.053227408,11,5.181,1.06,33.77,0.031388807,"5",NA,NA,6.6,NA,NA,709843,5510511,49.71049926,-54.08921105
"656","6","Scrub.1",2022-06-15,"Scrub","Blueberry",4,3.59,2.59,49.78,0.052028927,11,5.181,1.06,33.77,0.031388807,"5",NA,NA,6.6,NA,NA,709843,5510511,49.71049926,-54.08921105
"657","2","Lichen.9",2022-06-14,"Lichen","Cladonia",1,3.41,0.3,44.4,0.006756757,10,5.01,0.49,24.39,0.020090201,"3","yes",NA,18.33333333,NA,NA,699923,5506191,49.67506315,-54.22884911
"658","2","Lichen.9",2022-06-14,"Lichen","Cladonia",2,3.453,0.32,44.42,0.007203962,10,5.01,0.49,24.39,0.020090201,"3","yes",NA,18.33333333,NA,NA,699923,5506191,49.67506315,-54.22884911
"659","2","Lichen.9",2022-06-14,"Lichen","Cladonia",3,3.118,0.32,43.96,0.007279345,10,5.01,0.49,24.39,0.020090201,"3","yes",NA,18.33333333,NA,NA,699923,5506191,49.67506315,-54.22884911
"660","2","Lichen.9",2022-06-14,"Lichen","Cladonia",4,3.173,0.3,44.02,0.006815084,10,5.01,0.49,24.39,0.020090201,"3","yes",NA,18.33333333,NA,NA,699923,5506191,49.67506315,-54.22884911
"661","4","Rocky.10",2022-06-15,"Rocky","Cladonia",1,3.081,0.29,42.84,0.006769374,10,5.137,0.57,20.3,0.028078818,"3","yes",NA,9,NA,NA,712273,5509621,49.70165322,-54.05603414
"662","4","Rocky.10",2022-06-15,"Rocky","Cladonia",2,3.014,0.25,43.19,0.005788377,10,5.137,0.57,20.3,0.028078818,"3","yes",NA,9,NA,NA,712273,5509621,49.70165322,-54.05603414
"663","4","Rocky.10",2022-06-15,"Rocky","Cladonia",3,3.046,0.28,40.33,0.006942723,10,5.137,0.57,20.3,0.028078818,"3","yes",NA,9,NA,NA,712273,5509621,49.70165322,-54.05603414
"664","4","Rocky.10",2022-06-15,"Rocky","Cladonia",4,3.094,0.29,43.15,0.006720742,10,5.137,0.57,20.3,0.028078818,"3","yes",NA,9,NA,NA,712273,5509621,49.70165322,-54.05603414
"665","6","Scrub.1",2022-06-15,"Scrub","Kalmia",1,3.119,1.36,54.43,0.024986221,11,5.181,1.06,33.77,0.031388807,"5",NA,NA,6.6,NA,NA,709843,5510511,49.71049926,-54.08921105
"666","6","Scrub.1",2022-06-15,"Scrub","Kalmia",2,3.164,1.44,53.63,0.026850643,11,5.181,1.06,33.77,0.031388807,"5",NA,NA,6.6,NA,NA,709843,5510511,49.71049926,-54.08921105
"667","6","Scrub.1",2022-06-15,"Scrub","Kalmia",3,2.865,1.42,51.18,0.027745213,11,5.181,1.06,33.77,0.031388807,"5",NA,NA,6.6,NA,NA,709843,5510511,49.71049926,-54.08921105
"668","6","Scrub.1",2022-06-15,"Scrub","Kalmia",4,3.006,1.42,53.8,0.026394052,11,5.181,1.06,33.77,0.031388807,"5",NA,NA,6.6,NA,NA,709843,5510511,49.71049926,-54.08921105
"669","6","Scrub.11",2022-06-14,"Scrub","Cladonia",1,3.015,0.37,44.42,0.008329581,11,5.053,0.67,45.76,0.014641608,"3","no",NA,12.66666667,NA,NA,700773,5504761,49.6619337,-54.21781519
"670","6","Scrub.11",2022-06-14,"Scrub","Cladonia",2,3.262,0.33,42.48,0.007768362,11,5.053,0.67,45.76,0.014641608,"3","no",NA,12.66666667,NA,NA,700773,5504761,49.6619337,-54.21781519
"671","6","Scrub.11",2022-06-14,"Scrub","Cladonia",3,3.113,0.29,42.55,0.006815511,11,5.053,0.67,45.76,0.014641608,"3","no",NA,12.66666667,NA,NA,700773,5504761,49.6619337,-54.21781519
"672","6","Scrub.11",2022-06-14,"Scrub","Cladonia",4,3.001,0.37,43.2,0.008564815,11,5.053,0.67,45.76,0.014641608,"3","no",NA,12.66666667,NA,NA,700773,5504761,49.6619337,-54.21781519
"673","9","Wetland.6",2022-06-15,"Wetland","Cladonia",1,3.54,0.38,43.52,0.008731618,11,5.034,1.18,51.47,0.022925976,"3","no",NA,27.5,NA,NA,712413,5509481,49.70034631,-54.05417131
"674","9","Wetland.6",2022-06-15,"Wetland","Cladonia",2,3.138,0.34,41.34,0.00822448,11,5.034,1.18,51.47,0.022925976,"3","no",NA,27.5,NA,NA,712413,5509481,49.70034631,-54.05417131
"675","9","Wetland.6",2022-06-15,"Wetland","Cladonia",3,3.343,0.43,43.45,0.009896433,11,5.034,1.18,51.47,0.022925976,"3","no",NA,27.5,NA,NA,712413,5509481,49.70034631,-54.05417131
"676","9","Wetland.6",2022-06-15,"Wetland","Cladonia",4,3.084,0.43,43.29,0.00993301,11,5.034,1.18,51.47,0.022925976,"3","no",NA,27.5,NA,NA,712413,5509481,49.70034631,-54.05417131
"677","4","Rocky.10",2022-06-15,"Rocky","Crowberry",1,3.014,0.84,55.56,0.01511879,10,5.137,0.57,20.3,0.028078818,"3","yes",NA,9,NA,NA,712273,5509621,49.70165322,-54.05603414
"678","4","Rocky.10",2022-06-15,"Rocky","Crowberry",2,2.937,0.67,56.39,0.011881539,10,5.137,0.57,20.3,0.028078818,"3","yes",NA,9,NA,NA,712273,5509621,49.70165322,-54.05603414
"679","4","Rocky.10",2022-06-15,"Rocky","Crowberry",3,3.081,0.79,54.93,0.014381941,10,5.137,0.57,20.3,0.028078818,"3","yes",NA,9,NA,NA,712273,5509621,49.70165322,-54.05603414
"680","4","Rocky.10",2022-06-15,"Rocky","Crowberry",4,3.179,0.57,57.08,0.009985985,10,5.137,0.57,20.3,0.028078818,"3","yes",NA,9,NA,NA,712273,5509621,49.70165322,-54.05603414
"681","9","Wetland.6",2022-06-15,"Wetland","Crowberry",1,3.209,0.82,51.26,0.015996879,11,5.034,1.18,51.47,0.022925976,"3","no",NA,27.5,NA,NA,712413,5509481,49.70034631,-54.05417131
"682","9","Wetland.6",2022-06-15,"Wetland","Crowberry",2,3.115,0.73,53.05,0.013760603,11,5.034,1.18,51.47,0.022925976,"3","no",NA,27.5,NA,NA,712413,5509481,49.70034631,-54.05417131
"683","9","Wetland.6",2022-06-15,"Wetland","Crowberry",3,3.347,0.87,52.48,0.016577744,11,5.034,1.18,51.47,0.022925976,"3","no",NA,27.5,NA,NA,712413,5509481,49.70034631,-54.05417131
"684","9","Wetland.6",2022-06-15,"Wetland","Crowberry",4,3.264,1.15,52.09,0.022077174,11,5.034,1.18,51.47,0.022925976,"3","no",NA,27.5,NA,NA,712413,5509481,49.70034631,-54.05417131
"685","9","Wetland.20",2022-06-16,"Wetland","Deergrass",1,2.97,2.08,44.85,0.046376812,11,5.349,2.1,51.66,0.040650407,"3","yes",NA,22.5,NA,NA,702313,5509731,49.70606853,-54.19393106
"686","9","Wetland.20",2022-06-16,"Wetland","Deergrass",2,3.111,2.31,45.26,0.051038445,11,5.349,2.1,51.66,0.040650407,"3","yes",NA,22.5,NA,NA,702313,5509731,49.70606853,-54.19393106
"687","9","Wetland.20",2022-06-16,"Wetland","Deergrass",3,3.17,1.72,45.3,0.037969095,11,5.349,2.1,51.66,0.040650407,"3","yes",NA,22.5,NA,NA,702313,5509731,49.70606853,-54.19393106
"688","9","Wetland.20",2022-06-16,"Wetland","Deergrass",4,3.156,2.45,45.2,0.05420354,11,5.349,2.1,51.66,0.040650407,"3","yes",NA,22.5,NA,NA,702313,5509731,49.70606853,-54.19393106
"689","9","Wetland.28",2022-06-14,"Wetland","Deergrass",1,3.145,2.1,46.19,0.045464386,11,5.076,1.99,51.08,0.038958496,"3","no",NA,25,NA,NA,700223,5503591,49.65160516,-54.22602531
"690","9","Wetland.28",2022-06-15,"Wetland","Deergrass",1,3.145,2.1,46.19,0.045464386,11,5.076,1.99,51.08,0.038958496,"3","no",NA,25,NA,NA,700223,5503591,49.65160516,-54.22602531
"691","9","Wetland.28",2022-06-14,"Wetland","Deergrass",2,2.98,2.4,46.46,0.05165734,11,5.076,1.99,51.08,0.038958496,"3","no",NA,25,NA,NA,700223,5503591,49.65160516,-54.22602531
"692","9","Wetland.28",2022-06-15,"Wetland","Deergrass",2,2.98,2.4,46.46,0.05165734,11,5.076,1.99,51.08,0.038958496,"3","no",NA,25,NA,NA,700223,5503591,49.65160516,-54.22602531
"693","9","Wetland.28",2022-06-14,"Wetland","Deergrass",3,3.093,2.19,46.31,0.047290002,11,5.076,1.99,51.08,0.038958496,"3","no",NA,25,NA,NA,700223,5503591,49.65160516,-54.22602531
"694","9","Wetland.28",2022-06-15,"Wetland","Deergrass",3,3.093,2.19,46.31,0.047290002,11,5.076,1.99,51.08,0.038958496,"3","no",NA,25,NA,NA,700223,5503591,49.65160516,-54.22602531
"695","9","Wetland.28",2022-06-14,"Wetland","Deergrass",4,3.234,1.85,46.49,0.039793504,11,5.076,1.99,51.08,0.038958496,"3","no",NA,25,NA,NA,700223,5503591,49.65160516,-54.22602531
"696","9","Wetland.28",2022-06-15,"Wetland","Deergrass",4,3.234,1.85,46.49,0.039793504,11,5.076,1.99,51.08,0.038958496,"3","no",NA,25,NA,NA,700223,5503591,49.65160516,-54.22602531
"697","9","Wetland.6",2022-06-15,"Wetland","Deergrass",1,3.074,1.57,43.92,0.035746812,11,5.034,1.18,51.47,0.022925976,"3","no",NA,27.5,NA,NA,712413,5509481,49.70034631,-54.05417131
"698","9","Wetland.6",2022-06-15,"Wetland","Deergrass",2,3.229,2.75,46.62,0.058987559,11,5.034,1.18,51.47,0.022925976,"3","no",NA,27.5,NA,NA,712413,5509481,49.70034631,-54.05417131
"699","9","Wetland.6",2022-06-15,"Wetland","Deergrass",3,3.17,1.7,43.84,0.038777372,11,5.034,1.18,51.47,0.022925976,"3","no",NA,27.5,NA,NA,712413,5509481,49.70034631,-54.05417131
"700","9","Wetland.6",2022-06-15,"Wetland","Deergrass",4,3.351,1.65,42.91,0.038452575,11,5.034,1.18,51.47,0.022925976,"3","no",NA,27.5,NA,NA,712413,5509481,49.70034631,-54.05417131
"701","10","Wetland.8",2022-06-14,"Wetland","Deergrass",1,3.087,1.55,44.5,0.034831461,11,5.224,2.27,52.84,0.042959879,"3","no",NA,44,NA,NA,696093,5505131,49.66679728,-54.28240451
"702","10","Wetland.8",2022-06-14,"Wetland","Deergrass",2,3.429,1.77,45.35,0.039029768,11,5.224,2.27,52.84,0.042959879,"3","no",NA,44,NA,NA,696093,5505131,49.66679728,-54.28240451
"703","10","Wetland.8",2022-06-14,"Wetland","Deergrass",3,3.387,1.59,44.5,0.035730337,11,5.224,2.27,52.84,0.042959879,"3","no",NA,44,NA,NA,696093,5505131,49.66679728,-54.28240451
"704","10","Wetland.8",2022-06-14,"Wetland","Deergrass",4,3.27,1.72,46.05,0.037350706,11,5.224,2.27,52.84,0.042959879,"3","no",NA,44,NA,NA,696093,5505131,49.66679728,-54.28240451
"705","8","Wetland.18",2022-06-15,"Wetland","graminoid_spp.",1,3.263,2.75,44.77,0.061425061,11,5.383,1.66,26.62,0.062359128,"3","no",NA,20,NA,NA,712273,5509491,49.70048548,-54.05610475
"706","8","Wetland.18",2022-06-15,"Wetland","graminoid_spp.",2,3.241,2.21,44.57,0.049584923,11,5.383,1.66,26.62,0.062359128,"3","no",NA,20,NA,NA,712273,5509491,49.70048548,-54.05610475
"707","8","Wetland.18",2022-06-15,"Wetland","graminoid_spp.",3,3.195,2.33,44.63,0.052207036,11,5.383,1.66,26.62,0.062359128,"3","no",NA,20,NA,NA,712273,5509491,49.70048548,-54.05610475
"708","8","Wetland.18",2022-06-15,"Wetland","graminoid_spp.",4,3.113,2.1,45.61,0.046042535,11,5.383,1.66,26.62,0.062359128,"3","no",NA,20,NA,NA,712273,5509491,49.70048548,-54.05610475
"709","6","Scrub.11",2022-06-14,"Scrub","graminoid_spp.",1,3.063,1.48,46.82,0.031610423,11,5.053,0.67,45.76,0.014641608,"3","no",NA,12.66666667,NA,NA,700773,5504761,49.6619337,-54.21781519
"710","6","Scrub.11",2022-06-14,"Scrub","graminoid_spp.",2,3.015,1.34,43.99,0.030461469,11,5.053,0.67,45.76,0.014641608,"3","no",NA,12.66666667,NA,NA,700773,5504761,49.6619337,-54.21781519
"711","6","Scrub.11",2022-06-14,"Scrub","graminoid_spp.",3,3.219,1.59,45.63,0.034845496,11,5.053,0.67,45.76,0.014641608,"3","no",NA,12.66666667,NA,NA,700773,5504761,49.6619337,-54.21781519
"712","6","Scrub.11",2022-06-14,"Scrub","graminoid_spp.",4,3.064,1.49,45.74,0.032575426,11,5.053,0.67,45.76,0.014641608,"3","no",NA,12.66666667,NA,NA,700773,5504761,49.6619337,-54.21781519
"713","8","Wetland.18",2022-06-15,"Wetland","graminoid_spp.",1,3.497,3.64,45.7,0.079649891,11,5.383,1.66,26.62,0.062359128,"3","no",NA,20,NA,NA,712273,5509491,49.70048548,-54.05610475
"714","8","Wetland.18",2022-06-15,"Wetland","graminoid_spp.",2,3.26,3.24,44.98,0.072032014,11,5.383,1.66,26.62,0.062359128,"3","no",NA,20,NA,NA,712273,5509491,49.70048548,-54.05610475
"715","8","Wetland.18",2022-06-15,"Wetland","graminoid_spp.",3,3.089,3.71,45.52,0.081502636,11,5.383,1.66,26.62,0.062359128,"3","no",NA,20,NA,NA,712273,5509491,49.70048548,-54.05610475
"716","8","Wetland.18",2022-06-15,"Wetland","graminoid_spp.",4,3.119,3.78,45.69,0.082731451,11,5.383,1.66,26.62,0.062359128,"3","no",NA,20,NA,NA,712273,5509491,49.70048548,-54.05610475
"717","1","Mixed.12",2022-06-14,"Mixed","Kalmia",1,3.393,1.68,55.36,0.030346821,10,5.143,1.81,31.99,0.056580181,"3","yes",NA,8.333333333,NA,NA,700643,5504661,49.66107855,-54.21966564
"718","1","Mixed.12",2022-06-14,"Mixed","Kalmia",2,3.051,1.66,56.76,0.029245948,10,5.143,1.81,31.99,0.056580181,"3","yes",NA,8.333333333,NA,NA,700643,5504661,49.66107855,-54.21966564
"719","1","Mixed.12",2022-06-14,"Mixed","Kalmia",3,3.104,1.62,55.16,0.029369108,10,5.143,1.81,31.99,0.056580181,"3","yes",NA,8.333333333,NA,NA,700643,5504661,49.66107855,-54.21966564
"720","1","Mixed.12",2022-06-14,"Mixed","Kalmia",4,3.215,1.97,54.6,0.036080586,10,5.143,1.81,31.99,0.056580181,"3","yes",NA,8.333333333,NA,NA,700643,5504661,49.66107855,-54.21966564
"721","1","Mixed.6",2022-06-15,"Mixed","Kalmia",1,3.421,3.07,43.95,0.069852105,10,5.085,1.08,44.75,0.024134078,"3","yes",NA,10,NA,NA,710823,5510001,49.70557581,-54.07591109
"722","1","Mixed.6",2022-06-15,"Mixed","Kalmia",2,3.57,1.22,58.08,0.02100551,10,5.085,1.08,44.75,0.024134078,"3","yes",NA,10,NA,NA,710823,5510001,49.70557581,-54.07591109
"723","1","Mixed.6",2022-06-15,"Mixed","Kalmia",3,3.41,1.7,56.56,0.030056577,10,5.085,1.08,44.75,0.024134078,"3","yes",NA,10,NA,NA,710823,5510001,49.70557581,-54.07591109
"724","1","Mixed.6",2022-06-15,"Mixed","Kalmia",4,3.315,1.4,55.92,0.025035765,10,5.085,1.08,44.75,0.024134078,"3","yes",NA,10,NA,NA,710823,5510001,49.70557581,-54.07591109
"725","2","Lichen.9",2022-06-14,"Lichen","Kalmia",1,3.212,1.29,53.16,0.024266366,10,5.01,0.49,24.39,0.020090201,"3","yes",NA,18.33333333,NA,NA,699923,5506191,49.67506315,-54.22884911
"726","2","Lichen.9",2022-06-14,"Lichen","Kalmia",2,3.154,1.16,56.45,0.020549159,10,5.01,0.49,24.39,0.020090201,"3","yes",NA,18.33333333,NA,NA,699923,5506191,49.67506315,-54.22884911
"727","2","Lichen.9",2022-06-14,"Lichen","Kalmia",3,3.071,1.16,57.08,0.020322355,10,5.01,0.49,24.39,0.020090201,"3","yes",NA,18.33333333,NA,NA,699923,5506191,49.67506315,-54.22884911
"728","2","Lichen.9",2022-06-14,"Lichen","Kalmia",4,3.224,1.23,56.23,0.021874444,10,5.01,0.49,24.39,0.020090201,"3","yes",NA,18.33333333,NA,NA,699923,5506191,49.67506315,-54.22884911
"729","3","Mixed.12",2022-06-14,"Mixed","Kalmia",1,3.393,1.68,55.36,0.030346821,10,5.143,1.81,31.99,0.056580181,"3","yes",NA,8.333333333,NA,NA,700643,5504661,49.66107855,-54.21966564
"730","3","Mixed.12",2022-06-14,"Mixed","Kalmia",2,3.051,1.66,56.76,0.029245948,10,5.143,1.81,31.99,0.056580181,"3","yes",NA,8.333333333,NA,NA,700643,5504661,49.66107855,-54.21966564
"731","3","Mixed.12",2022-06-14,"Mixed","Kalmia",3,3.104,1.62,55.16,0.029369108,10,5.143,1.81,31.99,0.056580181,"3","yes",NA,8.333333333,NA,NA,700643,5504661,49.66107855,-54.21966564
"732","3","Mixed.12",2022-06-14,"Mixed","Kalmia",4,3.215,1.97,54.6,0.036080586,10,5.143,1.81,31.99,0.056580181,"3","yes",NA,8.333333333,NA,NA,700643,5504661,49.66107855,-54.21966564
"733","3","Mixed.6",2022-06-15,"Mixed","Kalmia",1,3.421,1.42,57.24,0.024807827,10,5.085,1.08,44.75,0.024134078,"3","yes",NA,10,NA,NA,710823,5510001,49.70557581,-54.07591109
"734","3","Mixed.6",2022-06-15,"Mixed","Kalmia",2,3.57,1.22,58.08,0.02100551,10,5.085,1.08,44.75,0.024134078,"3","yes",NA,10,NA,NA,710823,5510001,49.70557581,-54.07591109
"735","3","Mixed.6",2022-06-15,"Mixed","Kalmia",3,3.41,1.7,56.56,0.030056577,10,5.085,1.08,44.75,0.024134078,"3","yes",NA,10,NA,NA,710823,5510001,49.70557581,-54.07591109
"736","3","Mixed.6",2022-06-15,"Mixed","Kalmia",4,3.315,1.4,55.92,0.025035765,10,5.085,1.08,44.75,0.024134078,"3","yes",NA,10,NA,NA,710823,5510001,49.70557581,-54.07591109
"737","6","Scrub.11",2022-06-14,"Scrub","Kalmia",1,3.226,1.24,53.47,0.023190574,11,5.053,0.67,45.76,0.014641608,"3","no",NA,12.66666667,NA,NA,700773,5504761,49.6619337,-54.21781519
"738","6","Scrub.11",2022-06-14,"Scrub","Kalmia",2,3.049,1.3,52.62,0.024705435,11,5.053,0.67,45.76,0.014641608,"3","no",NA,12.66666667,NA,NA,700773,5504761,49.6619337,-54.21781519
"739","6","Scrub.11",2022-06-14,"Scrub","Kalmia",3,2.98,1.17,53.51,0.021865072,11,5.053,0.67,45.76,0.014641608,"3","no",NA,12.66666667,NA,NA,700773,5504761,49.6619337,-54.21781519
"740","6","Scrub.11",2022-06-14,"Scrub","Kalmia",4,3.246,1.29,51.82,0.024893863,11,5.053,0.67,45.76,0.014641608,"3","no",NA,12.66666667,NA,NA,700773,5504761,49.6619337,-54.21781519
"741","6","Scrub.13",2022-06-14,"Scrub","Alder",1,3.022,3.56,48.32,0.073675497,11,5.475,1.19,34.58,0.034412955,"4","yes",NA,4.25,NA,NA,697023,5504301,49.65903722,-54.26994891
"742","6","Scrub.13",2022-06-14,"Scrub","Alder",2,3.049,3.33,50.34,0.066150179,11,5.475,1.19,34.58,0.034412955,"4","yes",NA,4.25,NA,NA,697023,5504301,49.65903722,-54.26994891
"743","6","Scrub.13",2022-06-14,"Scrub","Alder",3,3.137,3.57,48.56,0.073517298,11,5.475,1.19,34.58,0.034412955,"4","yes",NA,4.25,NA,NA,697023,5504301,49.65903722,-54.26994891
"744","6","Scrub.13",2022-06-14,"Scrub","Alder",4,3.084,3.45,47.79,0.072190835,11,5.475,1.19,34.58,0.034412955,"4","yes",NA,4.25,NA,NA,697023,5504301,49.65903722,-54.26994891
"745","9","Wetland.28",2022-06-14,"Wetland","Kalmia",1,3.048,1.14,50.48,0.022583201,11,5.076,1.99,51.08,0.038958496,"3","no",NA,25,NA,NA,700223,5503591,49.65160516,-54.22602531
"746","9","Wetland.28",2022-06-15,"Wetland","Kalmia",1,3.048,1.14,50.48,0.022583201,11,5.076,1.99,51.08,0.038958496,"3","no",NA,25,NA,NA,700223,5503591,49.65160516,-54.22602531
"747","9","Wetland.28",2022-06-14,"Wetland","Kalmia",2,3.374,1.09,51.99,0.02096557,11,5.076,1.99,51.08,0.038958496,"3","no",NA,25,NA,NA,700223,5503591,49.65160516,-54.22602531
"748","9","Wetland.28",2022-06-15,"Wetland","Kalmia",2,3.374,1.09,51.99,0.02096557,11,5.076,1.99,51.08,0.038958496,"3","no",NA,25,NA,NA,700223,5503591,49.65160516,-54.22602531
"749","9","Wetland.28",2022-06-14,"Wetland","Kalmia",3,3.464,0.86,52.48,0.016387195,11,5.076,1.99,51.08,0.038958496,"3","no",NA,25,NA,NA,700223,5503591,49.65160516,-54.22602531
"750","9","Wetland.28",2022-06-15,"Wetland","Kalmia",3,3.464,0.86,52.48,0.016387195,11,5.076,1.99,51.08,0.038958496,"3","no",NA,25,NA,NA,700223,5503591,49.65160516,-54.22602531
"751","9","Wetland.28",2022-06-14,"Wetland","Kalmia",4,2.997,1.12,52.43,0.021361816,11,5.076,1.99,51.08,0.038958496,"3","no",NA,25,NA,NA,700223,5503591,49.65160516,-54.22602531
"752","9","Wetland.28",2022-06-15,"Wetland","Kalmia",4,2.997,1.12,52.43,0.021361816,11,5.076,1.99,51.08,0.038958496,"3","no",NA,25,NA,NA,700223,5503591,49.65160516,-54.22602531
"753","9","Wetland.6",2022-06-15,"Wetland","Kalmia",1,3.137,2.24,47.66,0.04699958,11,5.034,1.18,51.47,0.022925976,"3","no",NA,27.5,NA,NA,712413,5509481,49.70034631,-54.05417131
"754","9","Wetland.6",2022-06-15,"Wetland","Kalmia",2,3.376,1.15,49.12,0.023412052,11,5.034,1.18,51.47,0.022925976,"3","no",NA,27.5,NA,NA,712413,5509481,49.70034631,-54.05417131
"755","9","Wetland.6",2022-06-15,"Wetland","Kalmia",3,3.24,1.32,53.64,0.024608501,11,5.034,1.18,51.47,0.022925976,"3","no",NA,27.5,NA,NA,712413,5509481,49.70034631,-54.05417131
"756","9","Wetland.6",2022-06-15,"Wetland","Kalmia",4,3.061,1.35,51.66,0.026132404,11,5.034,1.18,51.47,0.022925976,"3","no",NA,27.5,NA,NA,712413,5509481,49.70034631,-54.05417131
"757","1","Lichen.9",2022-06-14,"Lichen","Lingonberry",3,3.302,0.53,52.4,0.010114504,10,5.01,0.49,24.39,0.020090201,"3","yes",NA,18.33333333,NA,NA,699923,5506191,49.67506315,-54.22884911
"758","1","Lichen.9",2022-06-14,"Lichen","Lingonberry",4,3.114,0.56,52.01,0.01076716,10,5.01,0.49,24.39,0.020090201,"3","yes",NA,18.33333333,NA,NA,699923,5506191,49.67506315,-54.22884911
"759","2","Lichen.9",2022-06-14,"Lichen","Lingonberry",1,3.091,0.58,53.03,0.010937205,10,5.01,0.49,24.39,0.020090201,"3","yes",NA,18.33333333,NA,NA,699923,5506191,49.67506315,-54.22884911
"760","2","Lichen.9",2022-06-14,"Lichen","Lingonberry",2,3.587,0.56,54.17,0.010337825,10,5.01,0.49,24.39,0.020090201,"3","yes",NA,18.33333333,NA,NA,699923,5506191,49.67506315,-54.22884911
"761","3","Lichen.9",2022-06-14,"Lichen","Lingonberry",3,3.302,0.53,52.4,0.010114504,10,5.01,0.49,24.39,0.020090201,"3","yes",NA,18.33333333,NA,NA,699923,5506191,49.67506315,-54.22884911
"762","3","Lichen.9",2022-06-14,"Lichen","Lingonberry",4,3.114,0.56,52.01,0.01076716,10,5.01,0.49,24.39,0.020090201,"3","yes",NA,18.33333333,NA,NA,699923,5506191,49.67506315,-54.22884911
"763","4","Rocky.10",2022-06-15,"Rocky","Lingonberry",1,2.96,0.57,50.64,0.011255924,10,5.137,0.57,20.3,0.028078818,"3","yes",NA,9,NA,NA,712273,5509621,49.70165322,-54.05603414
"764","4","Rocky.10",2022-06-15,"Rocky","Lingonberry",2,3.055,0.55,48.55,0.011328527,10,5.137,0.57,20.3,0.028078818,"3","yes",NA,9,NA,NA,712273,5509621,49.70165322,-54.05603414
"765","4","Rocky.10",2022-06-15,"Rocky","Lingonberry",3,3.239,0.57,51.64,0.011037955,10,5.137,0.57,20.3,0.028078818,"3","yes",NA,9,NA,NA,712273,5509621,49.70165322,-54.05603414
"766","4","Rocky.10",2022-06-15,"Rocky","Lingonberry",4,3.13,0.75,49.89,0.015033073,10,5.137,0.57,20.3,0.028078818,"3","yes",NA,9,NA,NA,712273,5509621,49.70165322,-54.05603414
"767","6","Scrub.13",2022-06-14,"Scrub","Blueberry",1,3.075,3.02,48.53,0.062229549,11,5.475,1.19,34.58,0.034412955,"4","yes",NA,4.25,NA,NA,697023,5504301,49.65903722,-54.26994891
"768","6","Scrub.13",2022-06-14,"Scrub","Blueberry",2,3.287,3.35,48.3,0.069358178,11,5.475,1.19,34.58,0.034412955,"4","yes",NA,4.25,NA,NA,697023,5504301,49.65903722,-54.26994891
"769","6","Scrub.13",2022-06-14,"Scrub","Blueberry",3,3.311,2.63,49.84,0.05276886,11,5.475,1.19,34.58,0.034412955,"4","yes",NA,4.25,NA,NA,697023,5504301,49.65903722,-54.26994891
"770","6","Scrub.13",2022-06-14,"Scrub","Blueberry",4,3.049,4.33,47.98,0.090245936,11,5.475,1.19,34.58,0.034412955,"4","yes",NA,4.25,NA,NA,697023,5504301,49.65903722,-54.26994891
"771","1","Mixed.10",2022-06-14,"Mixed","Alder",1,3.382,3.91,47.91,0.081611355,10,5.229,0.22,5.67,0.038800705,"4","yes",NA,5.25,NA,NA,700113,5506001,49.67329316,-54.22631591
"772","1","Mixed.10",2022-06-14,"Mixed","Alder",2,3.147,4.31,47.76,0.090242881,10,5.229,0.22,5.67,0.038800705,"4","yes",NA,5.25,NA,NA,700113,5506001,49.67329316,-54.22631591
"773","1","Mixed.10",2022-06-14,"Mixed","Alder",3,3.284,4.23,49.32,0.085766423,10,5.229,0.22,5.67,0.038800705,"4","yes",NA,5.25,NA,NA,700113,5506001,49.67329316,-54.22631591
"774","1","Mixed.10",2022-06-14,"Mixed","Alder",4,3.045,4.12,47.66,0.086445657,10,5.229,0.22,5.67,0.038800705,"4","yes",NA,5.25,NA,NA,700113,5506001,49.67329316,-54.22631591
"775","1","Mixed.8",2022-06-14,"Mixed","Alder",1,3.17,4.43,48.08,0.092138103,10,5.136,1.68,39.55,0.042477876,"4","yes",NA,3.5,NA,NA,698273,5504011,49.65602232,-54.25279599
"776","1","Mixed.8",2022-06-14,"Mixed","Alder",2,2.965,4.17,49.21,0.084738874,10,5.136,1.68,39.55,0.042477876,"4","yes",NA,3.5,NA,NA,698273,5504011,49.65602232,-54.25279599
"777","1","Mixed.8",2022-06-14,"Mixed","Alder",3,3.084,4.37,49.16,0.088893409,10,5.136,1.68,39.55,0.042477876,"4","yes",NA,3.5,NA,NA,698273,5504011,49.65602232,-54.25279599
"778","1","Mixed.8",2022-06-14,"Mixed","Alder",4,3.093,4.21,49.34,0.085326307,10,5.136,1.68,39.55,0.042477876,"4","yes",NA,3.5,NA,NA,698273,5504011,49.65602232,-54.25279599
"779","2","Conifer.6",2022-06-15,"Conifer","Alder",2,3.053,3.5,49.89,0.07015434,11,5.14,1.02,38.49,0.02650039,"4","yes",NA,4.75,NA,NA,707333,5511101,49.71666861,-54.12366812
"780","2","Conifer.6",2022-06-15,"Conifer","Alder",3,3.031,3.39,49.25,0.068832487,11,5.14,1.02,38.49,0.02650039,"4","yes",NA,4.75,NA,NA,707333,5511101,49.71666861,-54.12366812
"781","2","Conifer.6",2022-06-15,"Conifer","Alder",4,2.104,3.53,48.74,0.072425113,11,5.14,1.02,38.49,0.02650039,"4","yes",NA,4.75,NA,NA,707333,5511101,49.71666861,-54.12366812
"782","2","Conifer.8",2022-06-14,"Conifer","Alder",1,2.282,3.97,50.08,0.079273163,11,5.193,1.76,29.52,0.059620596,"4","yes",NA,3.5,NA,NA,700613,5504541,49.66001044,-54.22014231
"783","2","Conifer.8",2022-06-14,"Conifer","Alder",2,2.211,4.59,48.8,0.094057377,11,5.193,1.76,29.52,0.059620596,"4","yes",NA,3.5,NA,NA,700613,5504541,49.66001044,-54.22014231
"784","2","Conifer.8",2022-06-14,"Conifer","Alder",3,2.264,4.19,51.9,0.080732177,11,5.193,1.76,29.52,0.059620596,"4","yes",NA,3.5,NA,NA,700613,5504541,49.66001044,-54.22014231
"785","2","Conifer.8",2022-06-14,"Conifer","Alder",4,2.103,3.56,47.77,0.07452376,11,5.193,1.76,29.52,0.059620596,"4","yes",NA,3.5,NA,NA,700613,5504541,49.66001044,-54.22014231
"786","3","Mixed.10",2022-06-14,"Mixed","Alder",1,3.382,3.91,47.91,0.081611355,10,5.229,0.22,5.67,0.038800705,"4","yes",NA,5.25,NA,NA,700113,5506001,49.67329316,-54.22631591
"787","3","Mixed.10",2022-06-14,"Mixed","Alder",2,3.147,4.31,47.76,0.090242881,10,5.229,0.22,5.67,0.038800705,"4","yes",NA,5.25,NA,NA,700113,5506001,49.67329316,-54.22631591
"788","3","Mixed.10",2022-06-14,"Mixed","Alder",3,3.284,4.23,49.32,0.085766423,10,5.229,0.22,5.67,0.038800705,"4","yes",NA,5.25,NA,NA,700113,5506001,49.67329316,-54.22631591
"789","3","Mixed.10",2022-06-14,"Mixed","Alder",4,3.045,4.12,47.66,0.086445657,10,5.229,0.22,5.67,0.038800705,"4","yes",NA,5.25,NA,NA,700113,5506001,49.67329316,-54.22631591
"790","3","Mixed.8",2022-06-14,"Mixed","Alder",1,3.17,4.43,48.08,0.092138103,10,5.136,1.68,39.55,0.042477876,"4","yes",NA,3.5,NA,NA,698273,5504011,49.65602232,-54.25279599
"791","3","Mixed.8",2022-06-14,"Mixed","Alder",2,2.965,4.17,49.21,0.084738874,10,5.136,1.68,39.55,0.042477876,"4","yes",NA,3.5,NA,NA,698273,5504011,49.65602232,-54.25279599
"792","3","Mixed.8",2022-06-14,"Mixed","Alder",3,3.084,4.37,49.16,0.088893409,10,5.136,1.68,39.55,0.042477876,"4","yes",NA,3.5,NA,NA,698273,5504011,49.65602232,-54.25279599
"793","3","Mixed.8",2022-06-14,"Mixed","Alder",4,3.093,4.21,49.34,0.085326307,10,5.136,1.68,39.55,0.042477876,"4","yes",NA,3.5,NA,NA,698273,5504011,49.65602232,-54.25279599
"794","6","Scrub.14",2022-06-13,"Scrub","Crowberry",1,3.059,0.56,53.71,0.010426364,NA,NA,NA,NA,NA,NA,NA,NA,NA,NA,NA,699353,5506931,49.68190007,-54.23636318
"795","6","Scrub.14",2022-06-13,"Scrub","Crowberry",2,3.104,0.63,52.6,0.011977186,NA,NA,NA,NA,NA,NA,NA,NA,NA,NA,NA,699353,5506931,49.68190007,-54.23636318
"796","6","Scrub.14",2022-06-13,"Scrub","Crowberry",3,3.273,0.61,50.68,0.012036306,NA,NA,NA,NA,NA,NA,NA,NA,NA,NA,NA,699353,5506931,49.68190007,-54.23636318
"797","6","Scrub.14",2022-06-13,"Scrub","Crowberry",4,3.198,0.64,54.08,0.01183432,NA,NA,NA,NA,NA,NA,NA,NA,NA,NA,NA,699353,5506931,49.68190007,-54.23636318
"798","8","Wetland.13",2022-06-16,"Wetland","Dwarf_birch",1,3.026,2.55,49.03,0.052008974,11,5.089,1.83,50.99,0.03588939,"4","no",NA,22.5,NA,NA,702003,5506761,49.67949076,-54.19975991
"799","8","Wetland.13",2022-06-16,"Wetland","Dwarf_birch",2,2.974,3.5,49.45,0.070778564,11,5.089,1.83,50.99,0.03588939,"4","no",NA,22.5,NA,NA,702003,5506761,49.67949076,-54.19975991
"800","8","Wetland.13",2022-06-16,"Wetland","Dwarf_birch",3,3.018,3.79,49.02,0.077315381,11,5.089,1.83,50.99,0.03588939,"4","no",NA,22.5,NA,NA,702003,5506761,49.67949076,-54.19975991
"801","8","Wetland.13",2022-06-16,"Wetland","Dwarf_birch",4,3.2,3.77,49.45,0.076238625,11,5.089,1.83,50.99,0.03588939,"4","no",NA,22.5,NA,NA,702003,5506761,49.67949076,-54.19975991
"802","9","Wetland.24",2022-06-16,"Wetland","Dwarf_birch",1,3.044,4.01,47.64,0.084172964,11,5.122,1.85,38.65,0.047865459,"4","yes",NA,13.75,NA,NA,702443,5510841,49.71599675,-54.19155489
"803","9","Wetland.24",2022-06-16,"Wetland","Dwarf_birch",2,3.292,3.58,49.09,0.072927276,11,5.122,1.85,38.65,0.047865459,"4","yes",NA,13.75,NA,NA,702443,5510841,49.71599675,-54.19155489
"804","9","Wetland.24",2022-06-16,"Wetland","Dwarf_birch",3,3.038,3.2,48.37,0.066156709,11,5.122,1.85,38.65,0.047865459,"4","yes",NA,13.75,NA,NA,702443,5510841,49.71599675,-54.19155489
"805","9","Wetland.24",2022-06-16,"Wetland","Dwarf_birch",4,3.349,3.88,49.46,0.07844723,11,5.122,1.85,38.65,0.047865459,"4","yes",NA,13.75,NA,NA,702443,5510841,49.71599675,-54.19155489
"806","9","Wetland.4",2022-06-16,"Wetland","Dwarf_birch",1,3.515,3.17,50.85,0.062340216,11,5.644,1.37,21.01,0.065207044,"4","yes",NA,22.5,NA,NA,702713,5510781,49.7153669,-54.18784515
"807","9","Wetland.4",2022-06-16,"Wetland","Dwarf_birch",2,3.107,3.02,49.76,0.060691318,11,5.644,1.37,21.01,0.065207044,"4","yes",NA,22.5,NA,NA,702713,5510781,49.7153669,-54.18784515
"808","9","Wetland.4",2022-06-16,"Wetland","Dwarf_birch",3,3.103,3.11,49.02,0.063443492,11,5.644,1.37,21.01,0.065207044,"4","yes",NA,22.5,NA,NA,702713,5510781,49.7153669,-54.18784515
"809","9","Wetland.4",2022-06-16,"Wetland","Dwarf_birch",4,3.298,3.16,51.38,0.06150253,11,5.644,1.37,21.01,0.065207044,"4","yes",NA,22.5,NA,NA,702713,5510781,49.7153669,-54.18784515
"810","1","Mixed.8",2022-06-14,"Mixed","Black_spruce",1,3.07,1.27,49.43,0.025692899,10,5.136,1.68,39.55,0.042477876,"4","yes",NA,3.5,NA,NA,698273,5504011,49.65602232,-54.25279599
"811","1","Mixed.8",2022-06-14,"Mixed","Black_spruce",2,2.987,1.32,48.79,0.027054724,10,5.136,1.68,39.55,0.042477876,"4","yes",NA,3.5,NA,NA,698273,5504011,49.65602232,-54.25279599
"812","1","Mixed.8",2022-06-14,"Mixed","Black_spruce",3,3.11,0.95,48.92,0.01941946,10,5.136,1.68,39.55,0.042477876,"4","yes",NA,3.5,NA,NA,698273,5504011,49.65602232,-54.25279599
"813","1","Mixed.8",2022-06-14,"Mixed","Black_spruce",4,2.988,1.29,48.27,0.026724674,10,5.136,1.68,39.55,0.042477876,"4","yes",NA,3.5,NA,NA,698273,5504011,49.65602232,-54.25279599
"814","3","Mixed.8",2022-06-14,"Mixed","Black_spruce",1,3.07,1.27,49.43,0.025692899,10,5.136,1.68,39.55,0.042477876,"4","yes",NA,3.5,NA,NA,698273,5504011,49.65602232,-54.25279599
"815","3","Mixed.8",2022-06-14,"Mixed","Black_spruce",2,2.987,1.32,48.79,0.027054724,10,5.136,1.68,39.55,0.042477876,"4","yes",NA,3.5,NA,NA,698273,5504011,49.65602232,-54.25279599
"816","3","Mixed.8",2022-06-14,"Mixed","Black_spruce",3,3.11,0.95,48.92,0.01941946,10,5.136,1.68,39.55,0.042477876,"4","yes",NA,3.5,NA,NA,698273,5504011,49.65602232,-54.25279599
"817","3","Mixed.8",2022-06-14,"Mixed","Black_spruce",4,2.988,1.29,48.27,0.026724674,10,5.136,1.68,39.55,0.042477876,"4","yes",NA,3.5,NA,NA,698273,5504011,49.65602232,-54.25279599
"818","1","Mixed.10",2022-06-14,"Mixed","Blueberry",1,3.044,1.6,64.33,0.024871755,10,5.229,0.22,5.67,0.038800705,"4","yes",NA,5.25,NA,NA,700113,5506001,49.67329316,-54.22631591
"819","1","Mixed.10",2022-06-14,"Mixed","Blueberry",2,3.067,3.44,49.76,0.069131833,10,5.229,0.22,5.67,0.038800705,"4","yes",NA,5.25,NA,NA,700113,5506001,49.67329316,-54.22631591
"820","1","Mixed.10",2022-06-14,"Mixed","Blueberry",3,3.008,2.43,49.68,0.048913043,10,5.229,0.22,5.67,0.038800705,"4","yes",NA,5.25,NA,NA,700113,5506001,49.67329316,-54.22631591
"821","1","Mixed.10",2022-06-14,"Mixed","Blueberry",4,3.175,3.06,49.61,0.061681113,10,5.229,0.22,5.67,0.038800705,"4","yes",NA,5.25,NA,NA,700113,5506001,49.67329316,-54.22631591
"822","3","Mixed.10",2022-06-14,"Mixed","Blueberry",2,3.067,3.44,49.76,0.069131833,10,5.229,0.22,5.67,0.038800705,"4","yes",NA,5.25,NA,NA,700113,5506001,49.67329316,-54.22631591
"823","3","Mixed.10",2022-06-14,"Mixed","Blueberry",3,3.008,2.43,49.68,0.048913043,10,5.229,0.22,5.67,0.038800705,"4","yes",NA,5.25,NA,NA,700113,5506001,49.67329316,-54.22631591
"824","3","Mixed.10",2022-06-14,"Mixed","Blueberry",4,3.175,3.06,49.61,0.061681113,10,5.229,0.22,5.67,0.038800705,"4","yes",NA,5.25,NA,NA,700113,5506001,49.67329316,-54.22631591
"825","4","Rocky.12",2022-06-16,"Rocky","Blueberry",1,3.301,1.66,52.7,0.031499051,10,5.131,0.38,12.32,0.030844156,"4","yes",NA,9.25,NA,NA,702443,5510721,49.71491871,-54.1916171
"826","4","Rocky.12",2022-06-16,"Rocky","Blueberry",2,3.157,1.35,51.53,0.026198331,10,5.131,0.38,12.32,0.030844156,"4","yes",NA,9.25,NA,NA,702443,5510721,49.71491871,-54.1916171
"827","4","Rocky.12",2022-06-16,"Rocky","Blueberry",3,3.08,1.77,50.37,0.035139964,10,5.131,0.38,12.32,0.030844156,"4","yes",NA,9.25,NA,NA,702443,5510721,49.71491871,-54.1916171
"828","4","Rocky.12",2022-06-16,"Rocky","Blueberry",4,3.029,2.03,51.52,0.039402174,10,5.131,0.38,12.32,0.030844156,"4","yes",NA,9.25,NA,NA,702443,5510721,49.71491871,-54.1916171
"829","6","Scrub.14",2022-06-13,"Scrub","Kalmia",1,3.009,1.1,54.23,0.020283976,NA,NA,NA,NA,NA,NA,NA,NA,NA,NA,NA,699353,5506931,49.68190007,-54.23636318
"830","6","Scrub.14",2022-06-13,"Scrub","Kalmia",2,3.05,1.15,53.38,0.021543649,NA,NA,NA,NA,NA,NA,NA,NA,NA,NA,NA,699353,5506931,49.68190007,-54.23636318
"831","6","Scrub.14",2022-06-13,"Scrub","Kalmia",3,3.391,1.17,53.88,0.021714922,NA,NA,NA,NA,NA,NA,NA,NA,NA,NA,NA,699353,5506931,49.68190007,-54.23636318
"832","6","Scrub.14",2022-06-13,"Scrub","Kalmia",4,3.176,1.16,53.7,0.02160149,NA,NA,NA,NA,NA,NA,NA,NA,NA,NA,NA,699353,5506931,49.68190007,-54.23636318
"833","2","Conifer.7",2022-06-14,"Conifer","Cladonia",1,2.241,0.41,41.73,0.009825066,11,5.108,1.17,53.81,0.02174317,"4","no",NA,17,NA,NA,700223,5503481,49.65061691,-54.22608152
"834","2","Conifer.7",2022-06-14,"Conifer","Cladonia",2,2.487,0.51,44.11,0.011562004,11,5.108,1.17,53.81,0.02174317,"4","no",NA,17,NA,NA,700223,5503481,49.65061691,-54.22608152
"835","2","Conifer.7",2022-06-14,"Conifer","Cladonia",3,2.05,0.47,42.17,0.011145364,11,5.108,1.17,53.81,0.02174317,"4","no",NA,17,NA,NA,700223,5503481,49.65061691,-54.22608152
"836","2","Conifer.7",2022-06-14,"Conifer","Cladonia",4,2.042,0.54,41.54,0.012999519,11,5.108,1.17,53.81,0.02174317,"4","no",NA,17,NA,NA,700223,5503481,49.65061691,-54.22608152
"837","4","Rocky.12",2022-06-16,"Rocky","Cladonia",1,3.274,0.31,44.23,0.007008818,10,5.131,0.38,12.32,0.030844156,"4","yes",NA,9.25,NA,NA,702443,5510721,49.71491871,-54.1916171
"838","4","Rocky.12",2022-06-16,"Rocky","Cladonia",2,3.128,0.37,45.1,0.008203991,10,5.131,0.38,12.32,0.030844156,"4","yes",NA,9.25,NA,NA,702443,5510721,49.71491871,-54.1916171
"839","4","Rocky.12",2022-06-16,"Rocky","Cladonia",3,3.135,0.37,42.71,0.008663077,10,5.131,0.38,12.32,0.030844156,"4","yes",NA,9.25,NA,NA,702443,5510721,49.71491871,-54.1916171
"840","4","Rocky.12",2022-06-16,"Rocky","Cladonia",4,3.28,0.31,42.96,0.007216015,10,5.131,0.38,12.32,0.030844156,"4","yes",NA,9.25,NA,NA,702443,5510721,49.71491871,-54.1916171
"841","5","Rocky.6",2022-06-14,"Rocky","Cladonia",1,3.224,0.24,41.67,0.005759539,11,5.212,0.44,15.91,0.027655563,"4","yes",NA,2,NA,NA,697023,5504451,49.66038487,-54.26987345
"842","5","Rocky.6",2022-06-14,"Rocky","Cladonia",2,3.248,0.24,42.16,0.0056926,11,5.212,0.44,15.91,0.027655563,"4","yes",NA,2,NA,NA,697023,5504451,49.66038487,-54.26987345
"843","5","Rocky.6",2022-06-14,"Rocky","Cladonia",3,3.169,0.24,40.98,0.005856515,11,5.212,0.44,15.91,0.027655563,"4","yes",NA,2,NA,NA,697023,5504451,49.66038487,-54.26987345
"844","5","Rocky.6",2022-06-14,"Rocky","Cladonia",4,3.144,0.25,41.97,0.005956636,11,5.212,0.44,15.91,0.027655563,"4","yes",NA,2,NA,NA,697023,5504451,49.66038487,-54.26987345
"845","6","Scrub.14",2022-06-13,"Scrub","Lingonberry",1,3.676,0.51,51.23,0.009955104,NA,NA,NA,NA,NA,NA,NA,NA,NA,NA,NA,699353,5506931,49.68190007,-54.23636318
"846","6","Scrub.14",2022-06-13,"Scrub","Lingonberry",2,3.084,0.49,50.2,0.009760956,NA,NA,NA,NA,NA,NA,NA,NA,NA,NA,NA,699353,5506931,49.68190007,-54.23636318
"847","6","Scrub.14",2022-06-13,"Scrub","Lingonberry",3,3.281,0.36,51.28,0.007020281,NA,NA,NA,NA,NA,NA,NA,NA,NA,NA,NA,699353,5506931,49.68190007,-54.23636318
"848","6","Scrub.14",2022-06-13,"Scrub","Lingonberry",4,3.226,0.63,50.2,0.012549801,NA,NA,NA,NA,NA,NA,NA,NA,NA,NA,NA,699353,5506931,49.68190007,-54.23636318
"849","4","Rocky.12",2022-06-16,"Rocky","Crowberry",1,3.077,0.76,54.52,0.013939839,10,5.131,0.38,12.32,0.030844156,"4","yes",NA,9.25,NA,NA,702443,5510721,49.71491871,-54.1916171
"850","4","Rocky.12",2022-06-16,"Rocky","Crowberry",2,3.118,0.63,55.24,0.011404779,10,5.131,0.38,12.32,0.030844156,"4","yes",NA,9.25,NA,NA,702443,5510721,49.71491871,-54.1916171
"851","4","Rocky.12",2022-06-16,"Rocky","Crowberry",3,3.07,0.78,54.75,0.014246575,10,5.131,0.38,12.32,0.030844156,"4","yes",NA,9.25,NA,NA,702443,5510721,49.71491871,-54.1916171
"852","4","Rocky.12",2022-06-16,"Rocky","Crowberry",4,3.025,0.69,54.18,0.012735327,10,5.131,0.38,12.32,0.030844156,"4","yes",NA,9.25,NA,NA,702443,5510721,49.71491871,-54.1916171
"853","5","Rocky.6",2022-06-14,"Rocky","Crowberry",1,3.197,0.56,54.48,0.010279001,11,5.212,0.44,15.91,0.027655563,"4","yes",NA,2,NA,NA,697023,5504451,49.66038487,-54.26987345
"854","5","Rocky.6",2022-06-14,"Rocky","Crowberry",2,3.058,0.76,53.39,0.014234875,11,5.212,0.44,15.91,0.027655563,"4","yes",NA,2,NA,NA,697023,5504451,49.66038487,-54.26987345
"855","5","Rocky.6",2022-06-14,"Rocky","Crowberry",3,3.071,0.65,53.47,0.012156349,11,5.212,0.44,15.91,0.027655563,"4","yes",NA,2,NA,NA,697023,5504451,49.66038487,-54.26987345
"856","5","Rocky.6",2022-06-14,"Rocky","Crowberry",4,3.172,0.64,54.57,0.011728056,11,5.212,0.44,15.91,0.027655563,"4","yes",NA,2,NA,NA,697023,5504451,49.66038487,-54.26987345
"857","9","Wetland.24",2022-06-16,"Wetland","Deergrass",1,3.207,2.41,46.44,0.051894918,11,5.122,1.85,38.65,0.047865459,"4","yes",NA,13.75,NA,NA,702443,5510841,49.71599675,-54.19155489
"858","9","Wetland.24",2022-06-16,"Wetland","Deergrass",2,3,1.97,45.37,0.043420763,11,5.122,1.85,38.65,0.047865459,"4","yes",NA,13.75,NA,NA,702443,5510841,49.71599675,-54.19155489
"859","9","Wetland.24",2022-06-16,"Wetland","Deergrass",3,2.977,2.37,45.76,0.051791958,11,5.122,1.85,38.65,0.047865459,"4","yes",NA,13.75,NA,NA,702443,5510841,49.71599675,-54.19155489
"860","9","Wetland.24",2022-06-16,"Wetland","Deergrass",4,3.305,2.01,45.47,0.04420497,11,5.122,1.85,38.65,0.047865459,"4","yes",NA,13.75,NA,NA,702443,5510841,49.71599675,-54.19155489
"861","9","Wetland.4",2022-06-16,"Wetland","Deergrass",1,3.238,2.4,44.25,0.054237288,11,5.644,1.37,21.01,0.065207044,"4","yes",NA,22.5,NA,NA,702713,5510781,49.7153669,-54.18784515
"862","9","Wetland.4",2022-06-16,"Wetland","Deergrass",2,3.484,2.4,46.16,0.051993068,11,5.644,1.37,21.01,0.065207044,"4","yes",NA,22.5,NA,NA,702713,5510781,49.7153669,-54.18784515
"863","9","Wetland.4",2022-06-16,"Wetland","Deergrass",3,3.475,2.21,46.17,0.04786658,11,5.644,1.37,21.01,0.065207044,"4","yes",NA,22.5,NA,NA,702713,5510781,49.7153669,-54.18784515
"864","9","Wetland.4",2022-06-16,"Wetland","Deergrass",4,3.027,2.39,46.01,0.051945229,11,5.644,1.37,21.01,0.065207044,"4","yes",NA,22.5,NA,NA,702713,5510781,49.7153669,-54.18784515
"865","8","Wetland.13",2022-06-16,"Wetland","graminoid_spp.",1,3.058,1.24,44.26,0.028016268,11,5.089,1.83,50.99,0.03588939,"4","no",NA,22.5,NA,NA,702003,5506761,49.67949076,-54.19975991
"866","8","Wetland.13",2022-06-16,"Wetland","graminoid_spp.",2,3.281,1.87,46.28,0.040406223,11,5.089,1.83,50.99,0.03588939,"4","no",NA,22.5,NA,NA,702003,5506761,49.67949076,-54.19975991
"867","8","Wetland.13",2022-06-16,"Wetland","graminoid_spp.",3,3.116,1.44,45.43,0.031697116,11,5.089,1.83,50.99,0.03588939,"4","no",NA,22.5,NA,NA,702003,5506761,49.67949076,-54.19975991
"868","8","Wetland.13",2022-06-16,"Wetland","graminoid_spp.",4,3.225,1.44,46,0.031304348,11,5.089,1.83,50.99,0.03588939,"4","no",NA,22.5,NA,NA,702003,5506761,49.67949076,-54.19975991
"869","1","Mixed.10",2022-06-14,"Mixed","Kalmia",1,3.104,1.71,53.88,0.031737194,10,5.229,0.22,5.67,0.038800705,"4","yes",NA,5.25,NA,NA,700113,5506001,49.67329316,-54.22631591
"870","1","Mixed.10",2022-06-14,"Mixed","Kalmia",2,3.116,1.49,52.39,0.028440542,10,5.229,0.22,5.67,0.038800705,"4","yes",NA,5.25,NA,NA,700113,5506001,49.67329316,-54.22631591
"871","1","Mixed.10",2022-06-14,"Mixed","Kalmia",3,3.175,1.71,53.69,0.031849506,10,5.229,0.22,5.67,0.038800705,"4","yes",NA,5.25,NA,NA,700113,5506001,49.67329316,-54.22631591
"872","1","Mixed.10",2022-06-14,"Mixed","Kalmia",4,3.254,1.61,53.84,0.029903418,10,5.229,0.22,5.67,0.038800705,"4","yes",NA,5.25,NA,NA,700113,5506001,49.67329316,-54.22631591
"873","2","Conifer.7",2022-06-14,"Conifer","Kalmia",1,2.128,1.42,53.47,0.026556948,11,5.108,1.17,53.81,0.02174317,"4","no",NA,17,NA,NA,700223,5503481,49.65061691,-54.22608152
"874","2","Conifer.7",2022-06-14,"Conifer","Kalmia",2,2.306,1.4,55.31,0.025311879,11,5.108,1.17,53.81,0.02174317,"4","no",NA,17,NA,NA,700223,5503481,49.65061691,-54.22608152
"875","2","Conifer.7",2022-06-14,"Conifer","Kalmia",4,2.015,1.26,53.26,0.023657529,11,5.108,1.17,53.81,0.02174317,"4","no",NA,17,NA,NA,700223,5503481,49.65061691,-54.22608152
"876","3","Mixed.10",2022-06-14,"Mixed","Kalmia",1,3.104,1.71,53.88,0.031737194,10,5.229,0.22,5.67,0.038800705,"4","yes",NA,5.25,NA,NA,700113,5506001,49.67329316,-54.22631591
"877","3","Mixed.10",2022-06-14,"Mixed","Kalmia",2,3.116,1.49,52.39,0.028440542,10,5.229,0.22,5.67,0.038800705,"4","yes",NA,5.25,NA,NA,700113,5506001,49.67329316,-54.22631591
"878","3","Mixed.10",2022-06-14,"Mixed","Kalmia",3,3.175,1.71,53.69,0.031849506,10,5.229,0.22,5.67,0.038800705,"4","yes",NA,5.25,NA,NA,700113,5506001,49.67329316,-54.22631591
"879","3","Mixed.10",2022-06-14,"Mixed","Kalmia",4,3.254,1.61,53.84,0.029903418,10,5.229,0.22,5.67,0.038800705,"4","yes",NA,5.25,NA,NA,700113,5506001,49.67329316,-54.22631591
"880","4","Rocky.12",2022-06-16,"Rocky","Kalmia",1,3.211,1.21,53.64,0.022557793,10,5.131,0.38,12.32,0.030844156,"4","yes",NA,9.25,NA,NA,702443,5510721,49.71491871,-54.1916171
"881","4","Rocky.12",2022-06-16,"Rocky","Kalmia",2,3.025,0.92,54.18,0.016980436,10,5.131,0.38,12.32,0.030844156,"4","yes",NA,9.25,NA,NA,702443,5510721,49.71491871,-54.1916171
"882","4","Rocky.12",2022-06-16,"Rocky","Kalmia",3,3.039,1.19,53.17,0.022381042,10,5.131,0.38,12.32,0.030844156,"4","yes",NA,9.25,NA,NA,702443,5510721,49.71491871,-54.1916171
"883","4","Rocky.12",2022-06-16,"Rocky","Kalmia",4,3.026,1.16,52.66,0.022028105,10,5.131,0.38,12.32,0.030844156,"4","yes",NA,9.25,NA,NA,702443,5510721,49.71491871,-54.1916171
"884","6","Scrub.15",2022-06-16,"Scrub","Cladonia",1,3.292,0.33,43.21,0.007637121,11,5.352,0.94,23.75,0.039578947,"6","yes",NA,2.6,NA,NA,702963,5509161,49.70072919,-54.18522315
"885","6","Scrub.15",2022-06-16,"Scrub","Cladonia",2,3.237,0.41,42.88,0.009561567,11,5.352,0.94,23.75,0.039578947,"6","yes",NA,2.6,NA,NA,702963,5509161,49.70072919,-54.18522315
"886","6","Scrub.15",2022-06-16,"Scrub","Cladonia",3,3.104,0.35,42.92,0.008154706,11,5.352,0.94,23.75,0.039578947,"6","yes",NA,2.6,NA,NA,702963,5509161,49.70072919,-54.18522315
"887","6","Scrub.15",2022-06-16,"Scrub","Cladonia",4,3.208,0.46,43.69,0.010528725,11,5.352,0.94,23.75,0.039578947,"6","yes",NA,2.6,NA,NA,702963,5509161,49.70072919,-54.18522315
"888","6","Scrub.15",2022-06-16,"Scrub","Kalmia",1,2.964,1.11,53.76,0.020647321,11,5.352,0.94,23.75,0.039578947,"6","yes",NA,2.6,NA,NA,702963,5509161,49.70072919,-54.18522315
"889","6","Scrub.15",2022-06-16,"Scrub","Kalmia",2,3.136,1.14,54.63,0.020867655,11,5.352,0.94,23.75,0.039578947,"6","yes",NA,2.6,NA,NA,702963,5509161,49.70072919,-54.18522315
"890","6","Scrub.15",2022-06-16,"Scrub","Kalmia",3,2.991,1.15,53.97,0.021308134,11,5.352,0.94,23.75,0.039578947,"6","yes",NA,2.6,NA,NA,702963,5509161,49.70072919,-54.18522315
"891","6","Scrub.15",2022-06-16,"Scrub","Kalmia",4,3.041,1.14,53.81,0.021185653,11,5.352,0.94,23.75,0.039578947,"6","yes",NA,2.6,NA,NA,702963,5509161,49.70072919,-54.18522315
"892","8","Wetland.13",2022-06-16,"Wetland","Kalmia",1,3.125,1.47,54.36,0.027041943,11,5.089,1.83,50.99,0.03588939,"4","no",NA,22.5,NA,NA,702003,5506761,49.67949076,-54.19975991
"893","8","Wetland.13",2022-06-16,"Wetland","Kalmia",2,3.09,1.83,53.86,0.033976977,11,5.089,1.83,50.99,0.03588939,"4","no",NA,22.5,NA,NA,702003,5506761,49.67949076,-54.19975991
"894","8","Wetland.13",2022-06-16,"Wetland","Kalmia",3,3.237,1.65,54.1,0.030499076,11,5.089,1.83,50.99,0.03588939,"4","no",NA,22.5,NA,NA,702003,5506761,49.67949076,-54.19975991
"895","8","Wetland.13",2022-06-16,"Wetland","Kalmia",4,3.121,1.53,53.02,0.028857035,11,5.089,1.83,50.99,0.03588939,"4","no",NA,22.5,NA,NA,702003,5506761,49.67949076,-54.19975991
"896","4","Rocky.12",2022-06-16,"Rocky","Lingonberry",1,3.427,0.76,52.25,0.014545455,10,5.131,0.38,12.32,0.030844156,"4","yes",NA,9.25,NA,NA,702443,5510721,49.71491871,-54.1916171
"897","4","Rocky.12",2022-06-16,"Rocky","Lingonberry",2,3.411,0.69,52.26,0.013203215,10,5.131,0.38,12.32,0.030844156,"4","yes",NA,9.25,NA,NA,702443,5510721,49.71491871,-54.1916171
"898","4","Rocky.12",2022-06-16,"Rocky","Lingonberry",3,3.003,0.65,50.17,0.01295595,10,5.131,0.38,12.32,0.030844156,"4","yes",NA,9.25,NA,NA,702443,5510721,49.71491871,-54.1916171
"899","4","Rocky.12",2022-06-16,"Rocky","Lingonberry",4,2.937,1.01,50.06,0.020175789,10,5.131,0.38,12.32,0.030844156,"4","yes",NA,9.25,NA,NA,702443,5510721,49.71491871,-54.1916171
"900","11","Mixed.10",2022-06-14,"Mixed","Lingonberry",1,3.111,1.19,52.09,0.022845076,10,5.229,0.22,5.67,0.038800705,"4","yes",NA,5.25,NA,NA,700113,5506001,49.67329316,-54.22631591
"901","11","Mixed.10",2022-06-14,"Mixed","Lingonberry",2,3.287,1.24,50.27,0.024666799,10,5.229,0.22,5.67,0.038800705,"4","yes",NA,5.25,NA,NA,700113,5506001,49.67329316,-54.22631591
"902","11","Mixed.10",2022-06-14,"Mixed","Lingonberry",3,3.421,1.12,50.33,0.022253129,10,5.229,0.22,5.67,0.038800705,"4","yes",NA,5.25,NA,NA,700113,5506001,49.67329316,-54.22631591
"903","11","Mixed.10",2022-06-14,"Mixed","Lingonberry",4,3.04,1.23,49.81,0.024693837,10,5.229,0.22,5.67,0.038800705,"4","yes",NA,5.25,NA,NA,700113,5506001,49.67329316,-54.22631591
"904","6","Scrub.15",2022-06-16,"Scrub","Lingonberry",1,3.123,0.86,51.02,0.016856135,11,5.352,0.94,23.75,0.039578947,"6","yes",NA,2.6,NA,NA,702963,5509161,49.70072919,-54.18522315
"905","6","Scrub.15",2022-06-16,"Scrub","Lingonberry",2,3.184,0.86,49.45,0.017391304,11,5.352,0.94,23.75,0.039578947,"6","yes",NA,2.6,NA,NA,702963,5509161,49.70072919,-54.18522315
"906","6","Scrub.15",2022-06-16,"Scrub","Lingonberry",3,3.226,1.18,50.65,0.023297137,11,5.352,0.94,23.75,0.039578947,"6","yes",NA,2.6,NA,NA,702963,5509161,49.70072919,-54.18522315
"907","6","Scrub.15",2022-06-16,"Scrub","Lingonberry",4,2.999,0.9,51.37,0.017519953,11,5.352,0.94,23.75,0.039578947,"6","yes",NA,2.6,NA,NA,702963,5509161,49.70072919,-54.18522315
"908","6","Scrub.16",2022-06-16,"Scrub","Alder",1,3.124,3.25,49.52,0.065630048,11,5.264,0.91,28.74,0.031663187,"unkn",NA,NA,NA,NA,NA,702823,5507961,49.68999592,-54.18778491
"909","6","Scrub.16",2022-06-16,"Scrub","Alder",2,3.047,3.63,48.65,0.074614594,11,5.264,0.91,28.74,0.031663187,"unkn",NA,NA,NA,NA,NA,702823,5507961,49.68999592,-54.18778491
"910","6","Scrub.16",2022-06-16,"Scrub","Alder",3,3.151,3.36,48.92,0.068683565,11,5.264,0.91,28.74,0.031663187,"unkn",NA,NA,NA,NA,NA,702823,5507961,49.68999592,-54.18778491
"911","6","Scrub.16",2022-06-16,"Scrub","Alder",4,3.07,4,48.79,0.081984013,11,5.264,0.91,28.74,0.031663187,"unkn",NA,NA,NA,NA,NA,702823,5507961,49.68999592,-54.18778491
"912","6","Scrub.16",2022-06-16,"Scrub","Kalmia",1,3.078,1.66,54.05,0.030712303,11,5.264,0.91,28.74,0.031663187,"unkn",NA,NA,NA,NA,NA,702823,5507961,49.68999592,-54.18778491
"913","6","Scrub.16",2022-06-16,"Scrub","Kalmia",2,3.069,1.69,53.31,0.031701369,11,5.264,0.91,28.74,0.031663187,"unkn",NA,NA,NA,NA,NA,702823,5507961,49.68999592,-54.18778491
"914","6","Scrub.16",2022-06-16,"Scrub","Kalmia",3,3.182,1.37,54.43,0.025169943,11,5.264,0.91,28.74,0.031663187,"unkn",NA,NA,NA,NA,NA,702823,5507961,49.68999592,-54.18778491
"915","6","Scrub.16",2022-06-16,"Scrub","Kalmia",4,3.276,1.34,54.54,0.024569124,11,5.264,0.91,28.74,0.031663187,"unkn",NA,NA,NA,NA,NA,702823,5507961,49.68999592,-54.18778491
"916","6","Scrub.19",2022-06-14,"Scrub","Blueberry",1,2.998,3.06,50.02,0.06117553,11,5.131,1.04,52.08,0.019969278,"5","yes",NA,13,NA,NA,698893,5503831,49.65420113,-54.24430732
"917","6","Scrub.19",2022-06-14,"Scrub","Blueberry",2,3.249,2.16,50.18,0.043045038,11,5.131,1.04,52.08,0.019969278,"5","yes",NA,13,NA,NA,698893,5503831,49.65420113,-54.24430732
"918","6","Scrub.19",2022-06-14,"Scrub","Blueberry",3,2.99,2.23,50.57,0.044097291,11,5.131,1.04,52.08,0.019969278,"5","yes",NA,13,NA,NA,698893,5503831,49.65420113,-54.24430732
"919","6","Scrub.19",2022-06-14,"Scrub","Blueberry",4,3.294,2.34,50.96,0.045918367,11,5.131,1.04,52.08,0.019969278,"5","yes",NA,13,NA,NA,698893,5503831,49.65420113,-54.24430732
"920","6","Scrub.19",2022-06-14,"Scrub","Cladonia",1,3.14,0.41,43.49,0.009427455,11,5.131,1.04,52.08,0.019969278,"5","yes",NA,13,NA,NA,698893,5503831,49.65420113,-54.24430732
"921","6","Scrub.19",2022-06-14,"Scrub","Cladonia",2,3.096,0.25,39.24,0.00637105,11,5.131,1.04,52.08,0.019969278,"5","yes",NA,13,NA,NA,698893,5503831,49.65420113,-54.24430732
"922","6","Scrub.19",2022-06-14,"Scrub","Cladonia",3,3.272,0.36,43.35,0.008304498,11,5.131,1.04,52.08,0.019969278,"5","yes",NA,13,NA,NA,698893,5503831,49.65420113,-54.24430732
"923","6","Scrub.19",2022-06-14,"Scrub","Cladonia",4,3.203,0.32,42.58,0.007515265,11,5.131,1.04,52.08,0.019969278,"5","yes",NA,13,NA,NA,698893,5503831,49.65420113,-54.24430732
"924","6","Rocky.8",2022-06-16,"Rocky","Cladonia",1,3.239,0.25,42.64,0.005863039,11,5.115,0.77,25.82,0.029821844,"5",NA,NA,3.2,NA,NA,702003,5506911,49.68083833,-54.19968246
"925","6","Rocky.8",2022-06-16,"Rocky","Cladonia",2,2.927,0.28,42.5,0.006588235,11,5.115,0.77,25.82,0.029821844,"5",NA,NA,3.2,NA,NA,702003,5506911,49.68083833,-54.19968246
"926","6","Rocky.8",2022-06-16,"Rocky","Cladonia",3,3.134,0.27,41.74,0.006468615,11,5.115,0.77,25.82,0.029821844,"5",NA,NA,3.2,NA,NA,702003,5506911,49.68083833,-54.19968246
"927","6","Rocky.8",2022-06-16,"Rocky","Cladonia",4,2.976,0.23,42.41,0.005423249,11,5.115,0.77,25.82,0.029821844,"5",NA,NA,3.2,NA,NA,702003,5506911,49.68083833,-54.19968246
"928","6","Scrub.19",2022-06-14,"Scrub","Kalmia",1,3.076,1.17,53.36,0.021926537,11,5.131,1.04,52.08,0.019969278,"5","yes",NA,13,NA,NA,698893,5503831,49.65420113,-54.24430732
"929","6","Scrub.19",2022-06-14,"Scrub","Kalmia",2,3.12,1.06,54.51,0.019445973,11,5.131,1.04,52.08,0.019969278,"5","yes",NA,13,NA,NA,698893,5503831,49.65420113,-54.24430732
"930","6","Scrub.19",2022-06-14,"Scrub","Kalmia",3,3.005,1.13,52.73,0.021429926,11,5.131,1.04,52.08,0.019969278,"5","yes",NA,13,NA,NA,698893,5503831,49.65420113,-54.24430732
"931","6","Scrub.19",2022-06-14,"Scrub","Kalmia",4,3.05,1.05,53.09,0.019777736,11,5.131,1.04,52.08,0.019969278,"5","yes",NA,13,NA,NA,698893,5503831,49.65420113,-54.24430732
"932","6","Scrub.2",2022-06-16,"Scrub","Blueberry",1,3.068,2.22,52.1,0.042610365,11,5.067,1.32,46.55,0.028356606,"5","yes",NA,2.5,NA,NA,702943,5508941,49.69875952,-54.18561442
"933","6","Scrub.2",2022-06-16,"Scrub","Blueberry",2,3.104,2.55,51.2,0.049804688,11,5.067,1.32,46.55,0.028356606,"5","yes",NA,2.5,NA,NA,702943,5508941,49.69875952,-54.18561442
"934","6","Scrub.2",2022-06-16,"Scrub","Blueberry",3,3.208,2.85,51.61,0.055221856,11,5.067,1.32,46.55,0.028356606,"5","yes",NA,2.5,NA,NA,702943,5508941,49.69875952,-54.18561442
"935","7","Scrub.2",2022-06-16,"Scrub","Blueberry",4,3.119,2.11,51.52,0.040954969,11,5.067,1.32,46.55,0.028356606,"5","yes",NA,2.5,NA,NA,702943,5508941,49.69875952,-54.18561442
"936","6","Rocky.8",2022-06-16,"Rocky","Crowberry",1,2.948,0.8,53.68,0.01490313,11,5.115,0.77,25.82,0.029821844,"5",NA,NA,3.2,NA,NA,702003,5506911,49.68083833,-54.19968246
"937","6","Rocky.8",2022-06-16,"Rocky","Crowberry",2,3.078,0.64,55.38,0.011556519,11,5.115,0.77,25.82,0.029821844,"5",NA,NA,3.2,NA,NA,702003,5506911,49.68083833,-54.19968246
"938","6","Rocky.8",2022-06-16,"Rocky","Crowberry",3,3.088,0.66,53.96,0.012231282,11,5.115,0.77,25.82,0.029821844,"5",NA,NA,3.2,NA,NA,702003,5506911,49.68083833,-54.19968246
"939","6","Rocky.8",2022-06-16,"Rocky","Crowberry",4,2.923,0.76,53.87,0.014108038,11,5.115,0.77,25.82,0.029821844,"5",NA,NA,3.2,NA,NA,702003,5506911,49.68083833,-54.19968246
"940","6","Rocky.8",2022-06-16,"Rocky","Kalmia",1,3.075,1.02,53.13,0.019198193,11,5.115,0.77,25.82,0.029821844,"5",NA,NA,3.2,NA,NA,702003,5506911,49.68083833,-54.19968246
"941","6","Rocky.8",2022-06-16,"Rocky","Kalmia",2,2.979,1.16,52.17,0.022235001,11,5.115,0.77,25.82,0.029821844,"5",NA,NA,3.2,NA,NA,702003,5506911,49.68083833,-54.19968246
"942","6","Rocky.8",2022-06-16,"Rocky","Kalmia",3,3.089,1.26,52.6,0.023954373,11,5.115,0.77,25.82,0.029821844,"5",NA,NA,3.2,NA,NA,702003,5506911,49.68083833,-54.19968246
"943","6","Rocky.8",2022-06-16,"Rocky","Kalmia",4,3.078,1.18,52.61,0.022429196,11,5.115,0.77,25.82,0.029821844,"5",NA,NA,3.2,NA,NA,702003,5506911,49.68083833,-54.19968246
"944","6","Scrub.2",2022-06-16,"Scrub","Cladonia",1,3.147,0.26,43.47,0.005981136,11,5.067,1.32,46.55,0.028356606,"5","yes",NA,2.5,NA,NA,702943,5508941,49.69875952,-54.18561442
"945","6","Scrub.2",2022-06-16,"Scrub","Cladonia",2,3.261,0.28,44.19,0.006336275,11,5.067,1.32,46.55,0.028356606,"5","yes",NA,2.5,NA,NA,702943,5508941,49.69875952,-54.18561442
"946","6","Scrub.2",2022-06-16,"Scrub","Cladonia",3,3.107,0.3,43.81,0.006847752,11,5.067,1.32,46.55,0.028356606,"5","yes",NA,2.5,NA,NA,702943,5508941,49.69875952,-54.18561442
"947","6","Scrub.2",2022-06-16,"Scrub","Cladonia",4,3.11,0.31,44.58,0.006953791,11,5.067,1.32,46.55,0.028356606,"5","yes",NA,2.5,NA,NA,702943,5508941,49.69875952,-54.18561442
"948","6","Scrub.2",2022-06-16,"Scrub","Kalmia",1,3.015,1.4,56.06,0.024973243,11,5.067,1.32,46.55,0.028356606,"5","yes",NA,2.5,NA,NA,702943,5508941,49.69875952,-54.18561442
"949","6","Scrub.2",2022-06-16,"Scrub","Kalmia",2,3.235,1.32,55.19,0.023917376,11,5.067,1.32,46.55,0.028356606,"5","yes",NA,2.5,NA,NA,702943,5508941,49.69875952,-54.18561442
"950","6","Scrub.2",2022-06-16,"Scrub","Kalmia",3,3.046,1.34,54.03,0.024801036,11,5.067,1.32,46.55,0.028356606,"5","yes",NA,2.5,NA,NA,702943,5508941,49.69875952,-54.18561442
"951","6","Scrub.2",2022-06-16,"Scrub","Kalmia",4,3.059,1.32,53.63,0.02461309,11,5.067,1.32,46.55,0.028356606,"5","yes",NA,2.5,NA,NA,702943,5508941,49.69875952,-54.18561442
"952","7","Scrub.22",2022-06-15,"Scrub","Alder",1,3.035,4.46,48.01,0.092897313,11,5.345,1.12,47.09,0.023784243,"8","yes",NA,5.285714286,NA,NA,706863,5511121,49.71700991,-54.13016919
"953","7","Scrub.22",2022-06-15,"Scrub","Alder",2,3.08,4.81,48,0.100208333,11,5.345,1.12,47.09,0.023784243,"8","yes",NA,5.285714286,NA,NA,706863,5511121,49.71700991,-54.13016919
"954","7","Scrub.22",2022-06-15,"Scrub","Alder",3,3.074,4.17,49.45,0.084327604,11,5.345,1.12,47.09,0.023784243,"8","yes",NA,5.285714286,NA,NA,706863,5511121,49.71700991,-54.13016919
"955","7","Scrub.22",2022-06-15,"Scrub","Alder",4,3.241,4.9,49.82,0.098354075,11,5.345,1.12,47.09,0.023784243,"8","yes",NA,5.285714286,NA,NA,706863,5511121,49.71700991,-54.13016919
"956","7","Scrub.22",2022-06-15,"Scrub","Blueberry",1,3.182,3.36,49.86,0.067388688,11,5.345,1.12,47.09,0.023784243,"8","yes",NA,5.285714286,NA,NA,706863,5511121,49.71700991,-54.13016919
"957","7","Scrub.22",2022-06-15,"Scrub","Blueberry",2,3.005,3.48,49.47,0.070345664,11,5.345,1.12,47.09,0.023784243,"8","yes",NA,5.285714286,NA,NA,706863,5511121,49.71700991,-54.13016919
"958","7","Scrub.22",2022-06-15,"Scrub","Blueberry",3,3.007,3.14,49.49,0.063447161,11,5.345,1.12,47.09,0.023784243,"8","yes",NA,5.285714286,NA,NA,706863,5511121,49.71700991,-54.13016919
"959","7","Scrub.22",2022-06-15,"Scrub","Blueberry",4,3.045,3.3,49.67,0.066438494,11,5.345,1.12,47.09,0.023784243,"8","yes",NA,5.285714286,NA,NA,706863,5511121,49.71700991,-54.13016919
"960","6","Rocky.8",2022-06-16,"Rocky","Lingonberry",1,2.923,0.7,50.39,0.013891645,11,5.115,0.77,25.82,0.029821844,"5",NA,NA,3.2,NA,NA,702003,5506911,49.68083833,-54.19968246
"961","6","Rocky.8",2022-06-16,"Rocky","Lingonberry",2,3.331,0.61,49.77,0.012256379,11,5.115,0.77,25.82,0.029821844,"5",NA,NA,3.2,NA,NA,702003,5506911,49.68083833,-54.19968246
"962","6","Rocky.8",2022-06-16,"Rocky","Lingonberry",3,3.015,0.68,50.82,0.013380559,11,5.115,0.77,25.82,0.029821844,"5",NA,NA,3.2,NA,NA,702003,5506911,49.68083833,-54.19968246
"963","6","Rocky.8",2022-06-16,"Rocky","Lingonberry",4,2.991,0.56,49.79,0.011247238,11,5.115,0.77,25.82,0.029821844,"5",NA,NA,3.2,NA,NA,702003,5506911,49.68083833,-54.19968246
"964","2","Lichen.1",2022-06-16,"Lichen","Alder",1,2.089,4.2,49.15,0.085452696,11,5.299,1.05,21.45,0.048951049,"6","yes",NA,3.333333333,NA,NA,702943,5508801,49.69750181,-54.18568711
"965","2","Lichen.1",2022-06-16,"Lichen","Alder",2,2.217,4.22,48.83,0.086422281,11,5.299,1.05,21.45,0.048951049,"6","yes",NA,3.333333333,NA,NA,702943,5508801,49.69750181,-54.18568711
"966","2","Lichen.1",2022-06-16,"Lichen","Alder",3,2.142,4.59,47.79,0.096045198,11,5.299,1.05,21.45,0.048951049,"6","yes",NA,3.333333333,NA,NA,702943,5508801,49.69750181,-54.18568711
"967","2","Lichen.1",2022-06-16,"Lichen","Alder",4,2.265,3.92,49.56,0.079096045,11,5.299,1.05,21.45,0.048951049,"6","yes",NA,3.333333333,NA,NA,702943,5508801,49.69750181,-54.18568711
"968","9","Wetland.2",NA,"Wetland","Alder",1,3.29,3.25,48.81,0.066584716,11,5.132,1.25,26.31,0.047510452,"6","yes",NA,6,NA,NA,707393,5511101,49.71664794,-54.12283684
"969","9","Wetland.2",NA,"Wetland","Alder",2,3.083,3.68,50.33,0.073117425,11,5.132,1.25,26.31,0.047510452,"6","yes",NA,6,NA,NA,707393,5511101,49.71664794,-54.12283684
"970","9","Wetland.2",NA,"Wetland","Alder",3,3.321,3.66,50.13,0.073010174,11,5.132,1.25,26.31,0.047510452,"6","yes",NA,6,NA,NA,707393,5511101,49.71664794,-54.12283684
"971","9","Wetland.2",NA,"Wetland","Alder",4,3.037,2.9,50.3,0.057654076,11,5.132,1.25,26.31,0.047510452,"6","yes",NA,6,NA,NA,707393,5511101,49.71664794,-54.12283684
"972","2","Lichen.1",2022-06-16,"Lichen","Blueberry",1,2.11,3.06,50.72,0.06033123,11,5.299,1.05,21.45,0.048951049,"6","yes",NA,3.333333333,NA,NA,702943,5508801,49.69750181,-54.18568711
"973","2","Lichen.1",2022-06-16,"Lichen","Blueberry",2,2.088,2.95,50.31,0.058636454,11,5.299,1.05,21.45,0.048951049,"6","yes",NA,3.333333333,NA,NA,702943,5508801,49.69750181,-54.18568711
"974","2","Lichen.1",2022-06-16,"Lichen","Blueberry",3,2.084,3.18,49.86,0.06377858,11,5.299,1.05,21.45,0.048951049,"6","yes",NA,3.333333333,NA,NA,702943,5508801,49.69750181,-54.18568711
"975","2","Lichen.1",2022-06-16,"Lichen","Blueberry",4,2.063,2.95,51.7,0.057059961,11,5.299,1.05,21.45,0.048951049,"6","yes",NA,3.333333333,NA,NA,702943,5508801,49.69750181,-54.18568711
"976","2","Lichen.11",2022-06-15,"Lichen","Blueberry",1,2.201,2.24,48.97,0.045742291,11,5.267,0.76,33.64,0.022592152,"6","yes",NA,3.166666667,NA,NA,706243,5511621,49.72171422,-54.13849502
"977","2","Lichen.11",2022-06-15,"Lichen","Blueberry",2,2.264,3.49,49.32,0.070762368,11,5.267,0.76,33.64,0.022592152,"6","yes",NA,3.166666667,NA,NA,706243,5511621,49.72171422,-54.13849502
"978","2","Lichen.11",2022-06-15,"Lichen","Blueberry",3,2.367,2.91,50.08,0.058107029,11,5.267,0.76,33.64,0.022592152,"6","yes",NA,3.166666667,NA,NA,706243,5511621,49.72171422,-54.13849502
"979","2","Lichen.11",2022-06-15,"Lichen","Blueberry",4,2.095,3.76,49.3,0.076267748,11,5.267,0.76,33.64,0.022592152,"6","yes",NA,3.166666667,NA,NA,706243,5511621,49.72171422,-54.13849502
"980","6","Rocky.7",2022-06-16,"Rocky","Blueberry",1,3.268,2.91,50.98,0.057081208,11,5.292,0.32,7.79,0.041078306,"6","yes",NA,4.166666667,NA,NA,702823,5507811,49.68864837,-54.18786271
"981","6","Rocky.7",2022-06-16,"Rocky","Blueberry",2,3.189,2.68,50.39,0.053185156,11,5.292,0.32,7.79,0.041078306,"6","yes",NA,4.166666667,NA,NA,702823,5507811,49.68864837,-54.18786271
"982","6","Rocky.7",2022-06-16,"Rocky","Blueberry",3,3.103,2.86,52.17,0.054820778,11,5.292,0.32,7.79,0.041078306,"6","yes",NA,4.166666667,NA,NA,702823,5507811,49.68864837,-54.18786271
"983","6","Rocky.7",2022-06-16,"Rocky","Blueberry",4,3.19,2.84,49.59,0.057269611,11,5.292,0.32,7.79,0.041078306,"6","yes",NA,4.166666667,NA,NA,702823,5507811,49.68864837,-54.18786271
"984","2","Lichen.11",2022-06-15,"Lichen","Cladonia",1,2.621,0.43,43.54,0.009875976,11,5.267,0.76,33.64,0.022592152,"6","yes",NA,3.166666667,NA,NA,706243,5511621,49.72171422,-54.13849502
"985","2","Lichen.11",2022-06-15,"Lichen","Cladonia",2,2.2267,0.33,44.19,0.007467753,11,5.267,0.76,33.64,0.022592152,"6","yes",NA,3.166666667,NA,NA,706243,5511621,49.72171422,-54.13849502
"986","2","Lichen.11",2022-06-15,"Lichen","Cladonia",3,2.395,0.36,43.83,0.008213552,11,5.267,0.76,33.64,0.022592152,"6","yes",NA,3.166666667,NA,NA,706243,5511621,49.72171422,-54.13849502
"987","2","Lichen.11",2022-06-15,"Lichen","Cladonia",4,2.194,0.39,41.13,0.00948213,11,5.267,0.76,33.64,0.022592152,"6","yes",NA,3.166666667,NA,NA,706243,5511621,49.72171422,-54.13849502
"988","4","Rocky.3",2022-06-16,"Rocky","Cladonia",1,3.184,0.64,46.3,0.013822894,10,5.145,0.73,17.39,0.041978148,"6","yes",NA,3,NA,NA,702673,5508881,49.69831138,-54.1893851
"989","4","Rocky.3",2022-06-16,"Rocky","Cladonia",2,3.165,0.5,43.87,0.01139731,10,5.145,0.73,17.39,0.041978148,"6","yes",NA,3,NA,NA,702673,5508881,49.69831138,-54.1893851
"990","4","Rocky.3",2022-06-16,"Rocky","Cladonia",3,3.094,0.54,43.42,0.012436665,10,5.145,0.73,17.39,0.041978148,"6","yes",NA,3,NA,NA,702673,5508881,49.69831138,-54.1893851
"991","4","Rocky.3",2022-06-16,"Rocky","Cladonia",4,3.195,0.5,44.65,0.011198208,10,5.145,0.73,17.39,0.041978148,"6","yes",NA,3,NA,NA,702673,5508881,49.69831138,-54.1893851
"992","5","Rocky.7",2022-06-16,"Rocky","Cladonia",1,3.242,0.26,42.68,0.006091846,11,5.292,0.32,7.79,0.041078306,"6","yes",NA,4.166666667,NA,NA,702823,5507811,49.68864837,-54.18786271
"993","5","Rocky.7",2022-06-16,"Rocky","Cladonia",2,2.985,0.32,38.82,0.008243174,11,5.292,0.32,7.79,0.041078306,"6","yes",NA,4.166666667,NA,NA,702823,5507811,49.68864837,-54.18786271
"994","5","Rocky.7",2022-06-16,"Rocky","Cladonia",3,3.1,0.39,43.56,0.008953168,11,5.292,0.32,7.79,0.041078306,"6","yes",NA,4.166666667,NA,NA,702823,5507811,49.68864837,-54.18786271
"995","5","Rocky.7",2022-06-16,"Rocky","Cladonia",4,2.994,0.35,42.66,0.008204407,11,5.292,0.32,7.79,0.041078306,"6","yes",NA,4.166666667,NA,NA,702823,5507811,49.68864837,-54.18786271
"996","7","Scrub.22",2022-06-15,"Scrub","Kalmia",1,3.303,1.41,54.07,0.026077307,11,5.345,1.12,47.09,0.023784243,"8","yes",NA,5.285714286,NA,NA,706863,5511121,49.71700991,-54.13016919
"997","7","Scrub.22",2022-06-15,"Scrub","Kalmia",2,3.087,1.44,54.72,0.026315789,11,5.345,1.12,47.09,0.023784243,"8","yes",NA,5.285714286,NA,NA,706863,5511121,49.71700991,-54.13016919
"998","7","Scrub.22",2022-06-15,"Scrub","Kalmia",3,2.981,1.38,53.79,0.025655326,11,5.345,1.12,47.09,0.023784243,"8","yes",NA,5.285714286,NA,NA,706863,5511121,49.71700991,-54.13016919
"999","7","Scrub.22",2022-06-15,"Scrub","Kalmia",4,3.044,1.48,53.71,0.02755539,11,5.345,1.12,47.09,0.023784243,"8","yes",NA,5.285714286,NA,NA,706863,5511121,49.71700991,-54.13016919
"1000","4","Rocky.3",2022-06-16,"Rocky","Crowberry",1,3.008,0.77,56.66,0.013589834,10,5.145,0.73,17.39,0.041978148,"6","yes",NA,3,NA,NA,702673,5508881,49.69831138,-54.1893851
"1001","4","Rocky.3",2022-06-16,"Rocky","Crowberry",2,3.181,1.02,56.19,0.018152696,10,5.145,0.73,17.39,0.041978148,"6","yes",NA,3,NA,NA,702673,5508881,49.69831138,-54.1893851
"1002","4","Rocky.3",2022-06-16,"Rocky","Crowberry",3,3.312,0.93,56.41,0.016486439,10,5.145,0.73,17.39,0.041978148,"6","yes",NA,3,NA,NA,702673,5508881,49.69831138,-54.1893851
"1003","4","Rocky.3",2022-06-16,"Rocky","Crowberry",4,3.215,0.8,56.44,0.014174344,10,5.145,0.73,17.39,0.041978148,"6","yes",NA,3,NA,NA,702673,5508881,49.69831138,-54.1893851
"1004","6","Rocky.7",2022-06-16,"Rocky","Crowberry",1,3.073,0.85,53.77,0.015808071,11,5.292,0.32,7.79,0.041078306,"6","yes",NA,4.166666667,NA,NA,702823,5507811,49.68864837,-54.18786271
"1005","6","Rocky.7",2022-06-16,"Rocky","Crowberry",2,2.961,0.79,44.77,0.017645745,11,5.292,0.32,7.79,0.041078306,"6","yes",NA,4.166666667,NA,NA,702823,5507811,49.68864837,-54.18786271
"1006","6","Rocky.7",2022-06-16,"Rocky","Crowberry",3,3.077,0.86,54.28,0.015843773,11,5.292,0.32,7.79,0.041078306,"6","yes",NA,4.166666667,NA,NA,702823,5507811,49.68864837,-54.18786271
"1007","6","Rocky.7",2022-06-16,"Rocky","Crowberry",4,3.118,0.85,54.26,0.015665315,11,5.292,0.32,7.79,0.041078306,"6","yes",NA,4.166666667,NA,NA,702823,5507811,49.68864837,-54.18786271
"1008","8","Wetland.2",NA,"Wetland","graminoid_spp.",1,3.084,1.51,45.2,0.03340708,11,5.132,1.25,26.31,0.047510452,"6","yes",NA,6,NA,NA,707393,5511101,49.71664794,-54.12283684
"1009","8","Wetland.2",NA,"Wetland","graminoid_spp.",2,2.926,2.15,45.57,0.047180162,11,5.132,1.25,26.31,0.047510452,"6","yes",NA,6,NA,NA,707393,5511101,49.71664794,-54.12283684
"1010","9","Wetland.2",NA,"Wetland","graminoid_spp.",3,3.077,1.85,45.21,0.04092015,11,5.132,1.25,26.31,0.047510452,"6","yes",NA,6,NA,NA,707393,5511101,49.71664794,-54.12283684
"1011","9","Wetland.2",NA,"Wetland","graminoid_spp.",4,3.075,1.9,44.59,0.042610451,11,5.132,1.25,26.31,0.047510452,"6","yes",NA,6,NA,NA,707393,5511101,49.71664794,-54.12283684
"1012","2","Lichen.11",2022-06-15,"Lichen","Kalmia",1,2.165,1.36,53,0.025660377,11,5.267,0.76,33.64,0.022592152,"6","yes",NA,3.166666667,NA,NA,706243,5511621,49.72171422,-54.13849502
"1013","2","Lichen.11",2022-06-15,"Lichen","Kalmia",2,2.254,1.36,52.26,0.026023728,11,5.267,0.76,33.64,0.022592152,"6","yes",NA,3.166666667,NA,NA,706243,5511621,49.72171422,-54.13849502
"1014","2","Lichen.11",2022-06-15,"Lichen","Kalmia",3,2.131,1.21,53.41,0.022654934,11,5.267,0.76,33.64,0.022592152,"6","yes",NA,3.166666667,NA,NA,706243,5511621,49.72171422,-54.13849502
"1015","2","Lichen.11",2022-06-15,"Lichen","Kalmia",4,2.159,1.41,52.51,0.026852028,11,5.267,0.76,33.64,0.022592152,"6","yes",NA,3.166666667,NA,NA,706243,5511621,49.72171422,-54.13849502
"1016","5","Rocky.7",2022-06-16,"Rocky","Kalmia",1,3.108,1.62,51.94,0.031189834,11,5.292,0.32,7.79,0.041078306,"6","yes",NA,4.166666667,NA,NA,702823,5507811,49.68864837,-54.18786271
"1017","5","Rocky.7",2022-06-16,"Rocky","Kalmia",2,2.944,1.47,52.24,0.028139357,11,5.292,0.32,7.79,0.041078306,"6","yes",NA,4.166666667,NA,NA,702823,5507811,49.68864837,-54.18786271
"1018","5","Rocky.7",2022-06-16,"Rocky","Kalmia",3,3.069,1.44,52.05,0.027665706,11,5.292,0.32,7.79,0.041078306,"6","yes",NA,4.166666667,NA,NA,702823,5507811,49.68864837,-54.18786271
"1019","5","Rocky.7",2022-06-16,"Rocky","Kalmia",4,3.019,1.59,51.06,0.031139835,11,5.292,0.32,7.79,0.041078306,"6","yes",NA,4.166666667,NA,NA,702823,5507811,49.68864837,-54.18786271
"1020","7","Scrub.22",2022-06-15,"Scrub","Lingonberry",1,3.036,0.95,49.92,0.019030449,11,5.345,1.12,47.09,0.023784243,"8","yes",NA,5.285714286,NA,NA,706863,5511121,49.71700991,-54.13016919
"1021","7","Scrub.22",2022-06-15,"Scrub","Lingonberry",2,3.204,0.9,50.94,0.017667845,11,5.345,1.12,47.09,0.023784243,"8","yes",NA,5.285714286,NA,NA,706863,5511121,49.71700991,-54.13016919
"1022","7","Scrub.22",2022-06-15,"Scrub","Lingonberry",3,3.107,0.82,50,0.0164,11,5.345,1.12,47.09,0.023784243,"8","yes",NA,5.285714286,NA,NA,706863,5511121,49.71700991,-54.13016919
"1023","7","Scrub.22",2022-06-15,"Scrub","Lingonberry",4,3.258,0.72,51.4,0.014007782,11,5.345,1.12,47.09,0.023784243,"8","yes",NA,5.285714286,NA,NA,706863,5511121,49.71700991,-54.13016919
"1024","2","Lichen.1",2022-06-16,"Lichen","Lingonberry",1,2.007,0.85,50.38,0.016871775,11,5.299,1.05,21.45,0.048951049,"6","yes",NA,3.333333333,NA,NA,702943,5508801,49.69750181,-54.18568711
"1025","2","Lichen.1",2022-06-16,"Lichen","Lingonberry",2,2.088,0.88,50.4,0.017460317,11,5.299,1.05,21.45,0.048951049,"6","yes",NA,3.333333333,NA,NA,702943,5508801,49.69750181,-54.18568711
"1026","2","Lichen.1",2022-06-16,"Lichen","Lingonberry",3,2.039,0.86,47.36,0.018158784,11,5.299,1.05,21.45,0.048951049,"6","yes",NA,3.333333333,NA,NA,702943,5508801,49.69750181,-54.18568711
"1027","2","Lichen.1",2022-06-16,"Lichen","Lingonberry",4,2.174,0.93,50.4,0.018452381,11,5.299,1.05,21.45,0.048951049,"6","yes",NA,3.333333333,NA,NA,702943,5508801,49.69750181,-54.18568711
"1028","2","Lichen.11",2022-06-15,"Lichen","Lingonberry",1,2.218,0.87,50.66,0.017173312,11,5.267,0.76,33.64,0.022592152,"6","yes",NA,3.166666667,NA,NA,706243,5511621,49.72171422,-54.13849502
"1029","2","Lichen.11",2022-06-15,"Lichen","Lingonberry",2,2.315,0.75,50.57,0.014830927,11,5.267,0.76,33.64,0.022592152,"6","yes",NA,3.166666667,NA,NA,706243,5511621,49.72171422,-54.13849502
"1030","2","Lichen.11",2022-06-15,"Lichen","Lingonberry",3,2.34,0.76,50.73,0.014981273,11,5.267,0.76,33.64,0.022592152,"6","yes",NA,3.166666667,NA,NA,706243,5511621,49.72171422,-54.13849502
"1031","2","Lichen.11",2022-06-15,"Lichen","Lingonberry",4,2.378,0.94,49,0.019183673,11,5.267,0.76,33.64,0.022592152,"6","yes",NA,3.166666667,NA,NA,706243,5511621,49.72171422,-54.13849502
"1032","6","Rocky.7",2022-06-16,"Rocky","Lingonberry",1,3.024,0.58,51.27,0.011312658,11,5.292,0.32,7.79,0.041078306,"6","yes",NA,4.166666667,NA,NA,702823,5507811,49.68864837,-54.18786271
"1033","6","Rocky.7",2022-06-16,"Rocky","Lingonberry",2,3.089,0.78,51.18,0.015240328,11,5.292,0.32,7.79,0.041078306,"6","yes",NA,4.166666667,NA,NA,702823,5507811,49.68864837,-54.18786271
"1034","6","Rocky.7",2022-06-16,"Rocky","Lingonberry",3,3.02,0.78,51.47,0.015154459,11,5.292,0.32,7.79,0.041078306,"6","yes",NA,4.166666667,NA,NA,702823,5507811,49.68864837,-54.18786271
"1035","6","Rocky.7",2022-06-16,"Rocky","Lingonberry",4,3.102,0.79,50.87,0.015529782,11,5.292,0.32,7.79,0.041078306,"6","yes",NA,4.166666667,NA,NA,702823,5507811,49.68864837,-54.18786271
"1036","7","Scrub.23",2022-06-14,"Scrub","Cladonia",1,3.341,0.32,42.87,0.007464427,11,5.193,0.79,33.28,0.023737981,"4","yes",NA,3.5,NA,NA,698273,5503901,49.65503405,-54.25285166
"1037","7","Scrub.23",2022-06-14,"Scrub","Cladonia",2,3.015,0.65,42.51,0.01529052,11,5.193,0.79,33.28,0.023737981,"4","yes",NA,3.5,NA,NA,698273,5503901,49.65503405,-54.25285166
"1038","7","Scrub.23",2022-06-14,"Scrub","Cladonia",3,3.282,0.35,42.9,0.008158508,11,5.193,0.79,33.28,0.023737981,"4","yes",NA,3.5,NA,NA,698273,5503901,49.65503405,-54.25285166
"1039","7","Scrub.23",2022-06-14,"Scrub","Cladonia",4,3.015,0.46,43.5,0.010574713,11,5.193,0.79,33.28,0.023737981,"4","yes",NA,3.5,NA,NA,698273,5503901,49.65503405,-54.25285166
"1040","1","Mixed.7",2022-06-15,"Mixed","Alder",1,3.164,2.66,49.94,0.053263917,10,5.15,1.44,51.13,0.028163505,"7","yes",NA,3.714285714,NA,NA,706863,5510951,49.71548277,-54.13025926
"1041","1","Mixed.7",2022-06-15,"Mixed","Alder",2,3.435,2.6,50.63,0.051352953,10,5.15,1.44,51.13,0.028163505,"7","yes",NA,3.714285714,NA,NA,706863,5510951,49.71548277,-54.13025926
"1042","1","Mixed.7",2022-06-15,"Mixed","Alder",3,3.148,3.44,49.04,0.070146819,10,5.15,1.44,51.13,0.028163505,"7","yes",NA,3.714285714,NA,NA,706863,5510951,49.71548277,-54.13025926
"1043","1","Mixed.7",2022-06-15,"Mixed","Alder",4,3.227,3.77,49.85,0.075626881,10,5.15,1.44,51.13,0.028163505,"7","yes",NA,3.714285714,NA,NA,706863,5510951,49.71548277,-54.13025926
"1044","3","Mixed.7",2022-06-15,"Mixed","Alder",1,3.164,2.66,49.94,0.053263917,10,5.15,1.44,51.13,0.028163505,"7","yes",NA,3.714285714,NA,NA,706863,5510951,49.71548277,-54.13025926
"1045","3","Mixed.7",2022-06-15,"Mixed","Alder",2,3.435,2.6,50.63,0.051352953,10,5.15,1.44,51.13,0.028163505,"7","yes",NA,3.714285714,NA,NA,706863,5510951,49.71548277,-54.13025926
"1046","3","Mixed.7",2022-06-15,"Mixed","Alder",3,3.148,3.44,49.04,0.070146819,10,5.15,1.44,51.13,0.028163505,"7","yes",NA,3.714285714,NA,NA,706863,5510951,49.71548277,-54.13025926
"1047","3","Mixed.7",2022-06-15,"Mixed","Alder",4,3.227,3.77,49.85,0.075626881,10,5.15,1.44,51.13,0.028163505,"7","yes",NA,3.714285714,NA,NA,706863,5510951,49.71548277,-54.13025926
"1048","7","Scrub.23",2022-06-14,"Scrub","Kalmia",1,3.054,1.69,53.54,0.031565185,11,5.193,0.79,33.28,0.023737981,"4","yes",NA,3.5,NA,NA,698273,5503901,49.65503405,-54.25285166
"1049","7","Scrub.23",2022-06-14,"Scrub","Kalmia",2,3.07,1.54,52.55,0.029305423,11,5.193,0.79,33.28,0.023737981,"4","yes",NA,3.5,NA,NA,698273,5503901,49.65503405,-54.25285166
"1050","7","Scrub.23",2022-06-14,"Scrub","Kalmia",3,3.133,1.58,54.57,0.028953638,11,5.193,0.79,33.28,0.023737981,"4","yes",NA,3.5,NA,NA,698273,5503901,49.65503405,-54.25285166
"1051","7","Scrub.23",2022-06-14,"Scrub","Kalmia",4,3.034,1.39,48.46,0.02868345,11,5.193,0.79,33.28,0.023737981,"4","yes",NA,3.5,NA,NA,698273,5503901,49.65503405,-54.25285166
"1052","7","Scrub.26",2022-06-15,"Scrub","Cladonia",1,3.066,0.34,42.59,0.007983095,11,5.137,1.37,47.83,0.028643111,"9","yes",NA,3.222222222,NA,NA,707623,5511051,49.71611953,-54.11967689
"1053","7","Scrub.26",2022-06-15,"Scrub","Cladonia",2,2.873,0.36,42.73,0.008424994,11,5.137,1.37,47.83,0.028643111,"9","yes",NA,3.222222222,NA,NA,707623,5511051,49.71611953,-54.11967689
"1054","7","Scrub.26",2022-06-15,"Scrub","Cladonia",3,2.918,0.31,43.05,0.007200929,11,5.137,1.37,47.83,0.028643111,"9","yes",NA,3.222222222,NA,NA,707623,5511051,49.71611953,-54.11967689
"1055","7","Scrub.26",2022-06-15,"Scrub","Cladonia",4,3.181,0.35,43.81,0.007989044,11,5.137,1.37,47.83,0.028643111,"9","yes",NA,3.222222222,NA,NA,707623,5511051,49.71611953,-54.11967689
"1056","7","Wetland.1",2022-06-15,"Wetland","Alder",1,3.205,4.22,49.59,0.085097802,11,5.304,2.23,48.13,0.046332849,"7","no",NA,25,NA,NA,709843,5510621,49.71148738,-54.08915195
"1057","7","Wetland.1",2022-06-15,"Wetland","Alder",2,3.081,3.31,50.78,0.065183143,11,5.304,2.23,48.13,0.046332849,"7","no",NA,25,NA,NA,709843,5510621,49.71148738,-54.08915195
"1058","7","Wetland.1",2022-06-15,"Wetland","Alder",3,3.29,4.18,52.02,0.08035371,11,5.304,2.23,48.13,0.046332849,"7","no",NA,25,NA,NA,709843,5510621,49.71148738,-54.08915195
"1059","7","Wetland.1",2022-06-15,"Wetland","Alder",4,3.145,4.09,49.02,0.083435333,11,5.304,2.23,48.13,0.046332849,"7","no",NA,25,NA,NA,709843,5510621,49.71148738,-54.08915195
"1060","7","Wetland.10",2022-06-14,"Wetland","Dwarf_birch",1,3.401,2.69,49.04,0.054853181,11,5.13,2.51,50.44,0.049762094,"7","no",NA,25,NA,NA,700773,5504871,49.66292193,-54.21775879
"1061","7","Wetland.10",2022-06-14,"Wetland","Dwarf_birch",2,3.092,2.71,49.84,0.054373997,11,5.13,2.51,50.44,0.049762094,"7","no",NA,25,NA,NA,700773,5504871,49.66292193,-54.21775879
"1062","7","Wetland.10",2022-06-14,"Wetland","Dwarf_birch",3,3.105,3.47,50.7,0.068441815,11,5.13,2.51,50.44,0.049762094,"7","no",NA,25,NA,NA,700773,5504871,49.66292193,-54.21775879
"1063","7","Wetland.10",2022-06-14,"Wetland","Dwarf_birch",4,3.194,3.19,49.76,0.064107717,11,5.13,2.51,50.44,0.049762094,"7","no",NA,25,NA,NA,700773,5504871,49.66292193,-54.21775879
"1064","9","Wetland.26",2022-06-16,"Wetland","Dwarf_birch",1,3.116,2.75,48.88,0.056260229,11,5.008,2.62,42.08,0.062262357,"7","no",NA,22.5,NA,NA,700963,5505401,49.66762016,-54.2148571
"1065","9","Wetland.26",2022-06-16,"Wetland","Dwarf_birch",2,3.001,3.2,50.36,0.063542494,11,5.008,2.62,42.08,0.062262357,"7","no",NA,22.5,NA,NA,700963,5505401,49.66762016,-54.2148571
"1066","9","Wetland.26",2022-06-16,"Wetland","Dwarf_birch",3,3.016,3.13,47.22,0.066285472,11,5.008,2.62,42.08,0.062262357,"7","no",NA,22.5,NA,NA,700963,5505401,49.66762016,-54.2148571
"1067","9","Wetland.26",2022-06-16,"Wetland","Dwarf_birch",4,3.309,3,49.54,0.060557126,11,5.008,2.62,42.08,0.062262357,"7","no",NA,22.5,NA,NA,700963,5505401,49.66762016,-54.2148571
"1068","1","Mixed.7",2022-06-15,"Mixed","Blueberry",1,3.335,3.36,50.17,0.066972294,10,5.15,1.44,51.13,0.028163505,"7","yes",NA,3.714285714,NA,NA,706863,5510951,49.71548277,-54.13025926
"1069","1","Mixed.7",2022-06-15,"Mixed","Blueberry",2,3.078,3.18,49.87,0.063765791,10,5.15,1.44,51.13,0.028163505,"7","yes",NA,3.714285714,NA,NA,706863,5510951,49.71548277,-54.13025926
"1070","1","Mixed.7",2022-06-15,"Mixed","Blueberry",3,3.444,3.33,50.67,0.065719361,10,5.15,1.44,51.13,0.028163505,"7","yes",NA,3.714285714,NA,NA,706863,5510951,49.71548277,-54.13025926
"1071","1","Mixed.7",2022-06-15,"Mixed","Blueberry",4,3.119,3.01,50.07,0.060115838,10,5.15,1.44,51.13,0.028163505,"7","yes",NA,3.714285714,NA,NA,706863,5510951,49.71548277,-54.13025926
"1072","3","Mixed.7",2022-06-15,"Mixed","Blueberry",1,3.335,3.36,50.17,0.066972294,10,5.15,1.44,51.13,0.028163505,"7","yes",NA,3.714285714,NA,NA,706863,5510951,49.71548277,-54.13025926
"1073","3","Mixed.7",2022-06-15,"Mixed","Blueberry",2,3.078,3.18,49.87,0.063765791,10,5.15,1.44,51.13,0.028163505,"7","yes",NA,3.714285714,NA,NA,706863,5510951,49.71548277,-54.13025926
"1074","3","Mixed.7",2022-06-15,"Mixed","Blueberry",3,3.444,3.33,50.67,0.065719361,10,5.15,1.44,51.13,0.028163505,"7","yes",NA,3.714285714,NA,NA,706863,5510951,49.71548277,-54.13025926
"1075","3","Mixed.7",2022-06-15,"Mixed","Blueberry",4,3.119,3.01,50.07,0.060115838,10,5.15,1.44,51.13,0.028163505,"7","yes",NA,3.714285714,NA,NA,706863,5510951,49.71548277,-54.13025926
"1076","7","Scrub.26",2022-06-15,"Scrub","Kalmia",1,3.117,1.37,54.47,0.02515146,11,5.137,1.37,47.83,0.028643111,"9","yes",NA,3.222222222,NA,NA,707623,5511051,49.71611953,-54.11967689
"1077","7","Scrub.26",2022-06-15,"Scrub","Kalmia",2,3.232,1.36,52.32,0.025993884,11,5.137,1.37,47.83,0.028643111,"9","yes",NA,3.222222222,NA,NA,707623,5511051,49.71611953,-54.11967689
"1078","7","Scrub.26",2022-06-15,"Scrub","Kalmia",3,3.142,1.49,54.63,0.027274391,11,5.137,1.37,47.83,0.028643111,"9","yes",NA,3.222222222,NA,NA,707623,5511051,49.71611953,-54.11967689
"1079","7","Scrub.26",2022-06-15,"Scrub","Kalmia",4,2.997,1.52,52.76,0.028809704,11,5.137,1.37,47.83,0.028643111,"9","yes",NA,3.222222222,NA,NA,707623,5511051,49.71611953,-54.11967689
"1080","2","Lichen.12",2022-06-15,"Lichen","Cladonia",1,2.437,0.31,41.26,0.00751333,11,5.094,1.18,36.24,0.032560706,"7","yes",NA,4,NA,NA,712423,5509311,49.69881574,-54.05412522
"1081","2","Lichen.12",2022-06-15,"Lichen","Cladonia",2,2.575,0.34,42.72,0.007958801,11,5.094,1.18,36.24,0.032560706,"7","yes",NA,4,NA,NA,712423,5509311,49.69881574,-54.05412522
"1082","2","Lichen.12",2022-06-15,"Lichen","Cladonia",3,2.326,0.34,44.46,0.007647323,11,5.094,1.18,36.24,0.032560706,"7","yes",NA,4,NA,NA,712423,5509311,49.69881574,-54.05412522
"1083","2","Lichen.12",2022-06-15,"Lichen","Cladonia",4,2.284,0.33,43.1,0.007656613,11,5.094,1.18,36.24,0.032560706,"7","yes",NA,4,NA,NA,712423,5509311,49.69881574,-54.05412522
"1084","2","Lichen.12",2022-06-15,"Lichen","Crowberry",1,2.111,0.84,52.36,0.016042781,11,5.094,1.18,36.24,0.032560706,"7","yes",NA,4,NA,NA,712423,5509311,49.69881574,-54.05412522
"1085","2","Lichen.12",2022-06-15,"Lichen","Crowberry",2,2.114,1.72,76.87,0.022375439,11,5.094,1.18,36.24,0.032560706,"7","yes",NA,4,NA,NA,712423,5509311,49.69881574,-54.05412522
"1086","2","Lichen.12",2022-06-15,"Lichen","Crowberry",3,2.258,0.66,53.8,0.012267658,11,5.094,1.18,36.24,0.032560706,"7","yes",NA,4,NA,NA,712423,5509311,49.69881574,-54.05412522
"1087","2","Lichen.12",2022-06-15,"Lichen","Crowberry",4,2.09,0.59,52.52,0.011233816,11,5.094,1.18,36.24,0.032560706,"7","yes",NA,4,NA,NA,712423,5509311,49.69881574,-54.05412522
"1088","7","Scrub.26",2022-06-15,"Scrub","Lingonberry",1,3.002,0.74,51.21,0.014450303,11,5.137,1.37,47.83,0.028643111,"9","yes",NA,3.222222222,NA,NA,707623,5511051,49.71611953,-54.11967689
"1089","7","Scrub.26",2022-06-15,"Scrub","Lingonberry",2,2.973,0.67,49.53,0.013527155,11,5.137,1.37,47.83,0.028643111,"9","yes",NA,3.222222222,NA,NA,707623,5511051,49.71611953,-54.11967689
"1090","7","Scrub.26",2022-06-15,"Scrub","Lingonberry",3,3.055,0.83,50.2,0.016533865,11,5.137,1.37,47.83,0.028643111,"9","yes",NA,3.222222222,NA,NA,707623,5511051,49.71611953,-54.11967689
"1091","7","Scrub.26",2022-06-15,"Scrub","Lingonberry",4,3.254,0.83,51.71,0.016051054,11,5.137,1.37,47.83,0.028643111,"9","yes",NA,3.222222222,NA,NA,707623,5511051,49.71611953,-54.11967689
"1092","7","Scrub.27",2022-06-14,"Scrub","Kalmia",1,3.167,1.16,54.4,0.021323529,11,5.055,1.25,49.66,0.025171164,"4",NA,NA,4.25,NA,NA,700113,5505801,49.67149636,-54.22641816
"1093","7","Scrub.27",2022-06-14,"Scrub","Kalmia",2,2.989,1.22,53.24,0.022915101,11,5.055,1.25,49.66,0.025171164,"4",NA,NA,4.25,NA,NA,700113,5505801,49.67149636,-54.22641816
"1094","7","Scrub.27",2022-06-14,"Scrub","Kalmia",3,3.071,1.19,55.05,0.021616712,11,5.055,1.25,49.66,0.025171164,"4",NA,NA,4.25,NA,NA,700113,5505801,49.67149636,-54.22641816
"1095","7","Scrub.27",2022-06-14,"Scrub","Kalmia",4,3.128,1.29,54.46,0.02368711,11,5.055,1.25,49.66,0.025171164,"4",NA,NA,4.25,NA,NA,700113,5505801,49.67149636,-54.22641816
"1096","7","Wetland.10",2022-06-14,"Wetland","Deergrass",1,3.22,2.2,47.38,0.046433094,11,5.13,2.51,50.44,0.049762094,"7","no",NA,25,NA,NA,700773,5504871,49.66292193,-54.21775879
"1097","7","Wetland.10",2022-06-14,"Wetland","Deergrass",2,3.084,2.33,46.3,0.050323974,11,5.13,2.51,50.44,0.049762094,"7","no",NA,25,NA,NA,700773,5504871,49.66292193,-54.21775879
"1098","8","Wetland.10",2022-06-14,"Wetland","Deergrass",3,3.169,1.93,46.1,0.04186551,11,5.13,2.51,50.44,0.049762094,"7","no",NA,25,NA,NA,700773,5504871,49.66292193,-54.21775879
"1099","8","Wetland.10",2022-06-14,"Wetland","Deergrass",4,3.147,2.17,46.56,0.046606529,11,5.13,2.51,50.44,0.049762094,"7","no",NA,25,NA,NA,700773,5504871,49.66292193,-54.21775879
"1100","8","Wetland.12",2022-06-16,"Wetland","Deergrass",1,3.324,1.78,47.59,0.037402816,11,5.156,1.17,48.43,0.024158579,"7","yes",NA,22.5,NA,NA,702963,5508961,49.69893246,-54.18532702
"1101","8","Wetland.12",2022-06-16,"Wetland","Deergrass",2,3.177,1.91,47.17,0.040491838,11,5.156,1.17,48.43,0.024158579,"7","yes",NA,22.5,NA,NA,702963,5508961,49.69893246,-54.18532702
"1102","8","Wetland.12",2022-06-16,"Wetland","Deergrass",3,3.292,1.64,44.64,0.036738351,11,5.156,1.17,48.43,0.024158579,"7","yes",NA,22.5,NA,NA,702963,5508961,49.69893246,-54.18532702
"1103","8","Wetland.12",2022-06-16,"Wetland","Deergrass",4,3.125,1.87,46.77,0.039982895,11,5.156,1.17,48.43,0.024158579,"7","yes",NA,22.5,NA,NA,702963,5508961,49.69893246,-54.18532702
"1104","9","Wetland.26",2022-06-16,"Wetland","Deergrass",1,3.182,2.76,45.84,0.060209424,11,5.008,2.62,42.08,0.062262357,"7","no",NA,22.5,NA,NA,700963,5505401,49.66762016,-54.2148571
"1105","9","Wetland.26",2022-06-16,"Wetland","Deergrass",2,3.431,2.1,46.25,0.045405405,11,5.008,2.62,42.08,0.062262357,"7","no",NA,22.5,NA,NA,700963,5505401,49.66762016,-54.2148571
"1106","9","Wetland.26",2022-06-16,"Wetland","Deergrass",3,3.134,2,44.45,0.044994376,11,5.008,2.62,42.08,0.062262357,"7","no",NA,22.5,NA,NA,700963,5505401,49.66762016,-54.2148571
"1107","9","Wetland.26",2022-06-16,"Wetland","Deergrass",4,3.103,2.24,44.76,0.050044683,11,5.008,2.62,42.08,0.062262357,"7","no",NA,22.5,NA,NA,700963,5505401,49.66762016,-54.2148571
"1108","7","Wetland.1",2022-06-15,"Wetland","graminoid_spp.",1,3.032,1.76,46.83,0.037582746,11,5.304,2.23,48.13,0.046332849,"7","no",NA,25,NA,NA,709843,5510621,49.71148738,-54.08915195
"1109","7","Wetland.1",2022-06-15,"Wetland","graminoid_spp.",2,3.281,1.92,44.92,0.042742654,11,5.304,2.23,48.13,0.046332849,"7","no",NA,25,NA,NA,709843,5510621,49.71148738,-54.08915195
"1110","7","Wetland.1",2022-06-15,"Wetland","graminoid_spp.",3,3.179,1.93,45.54,0.042380325,11,5.304,2.23,48.13,0.046332849,"7","no",NA,25,NA,NA,709843,5510621,49.71148738,-54.08915195
"1111","7","Wetland.1",2022-06-15,"Wetland","graminoid_spp.",4,3.364,2.33,46.06,0.050586192,11,5.304,2.23,48.13,0.046332849,"7","no",NA,25,NA,NA,709843,5510621,49.71148738,-54.08915195
"1112","1","Mixed.7",2022-06-15,"Mixed","Kalmia",1,3.228,1.28,52.77,0.024256206,10,5.15,1.44,51.13,0.028163505,"7","yes",NA,3.714285714,NA,NA,706863,5510951,49.71548277,-54.13025926
"1113","1","Mixed.7",2022-06-15,"Mixed","Kalmia",2,3.386,1.2,54.4,0.022058824,10,5.15,1.44,51.13,0.028163505,"7","yes",NA,3.714285714,NA,NA,706863,5510951,49.71548277,-54.13025926
"1114","1","Mixed.7",2022-06-15,"Mixed","Kalmia",3,3.173,1.16,54.13,0.021429891,10,5.15,1.44,51.13,0.028163505,"7","yes",NA,3.714285714,NA,NA,706863,5510951,49.71548277,-54.13025926
"1115","1","Mixed.7",2022-06-15,"Mixed","Kalmia",4,3.13,1.07,53.74,0.019910681,10,5.15,1.44,51.13,0.028163505,"7","yes",NA,3.714285714,NA,NA,706863,5510951,49.71548277,-54.13025926
"1116","2","Lichen.12",2022-06-15,"Lichen","Kalmia",1,2.06,1.66,51.33,0.032339762,11,5.094,1.18,36.24,0.032560706,"7","yes",NA,4,NA,NA,712423,5509311,49.69881574,-54.05412522
"1117","2","Lichen.12",2022-06-15,"Lichen","Kalmia",2,2.272,1.14,51.08,0.022317933,11,5.094,1.18,36.24,0.032560706,"7","yes",NA,4,NA,NA,712423,5509311,49.69881574,-54.05412522
"1118","2","Lichen.12",2022-06-15,"Lichen","Kalmia",3,2.067,1.24,53.15,0.023330198,11,5.094,1.18,36.24,0.032560706,"7","yes",NA,4,NA,NA,712423,5509311,49.69881574,-54.05412522
"1119","2","Lichen.12",2022-06-15,"Lichen","Kalmia",4,3.078,0.59,36.15,0.016320885,11,5.094,1.18,36.24,0.032560706,"7","yes",NA,4,NA,NA,712423,5509311,49.69881574,-54.05412522
"1120","3","Mixed.7",2022-06-15,"Mixed","Kalmia",1,3.228,1.28,52.77,0.024256206,10,5.15,1.44,51.13,0.028163505,"7","yes",NA,3.714285714,NA,NA,706863,5510951,49.71548277,-54.13025926
"1121","3","Mixed.7",2022-06-15,"Mixed","Kalmia",2,3.386,1.2,54.4,0.022058824,10,5.15,1.44,51.13,0.028163505,"7","yes",NA,3.714285714,NA,NA,706863,5510951,49.71548277,-54.13025926
"1122","3","Mixed.7",2022-06-15,"Mixed","Kalmia",3,3.173,1.16,54.13,0.021429891,10,5.15,1.44,51.13,0.028163505,"7","yes",NA,3.714285714,NA,NA,706863,5510951,49.71548277,-54.13025926
"1123","3","Mixed.7",2022-06-15,"Mixed","Kalmia",4,3.13,1.07,53.74,0.019910681,10,5.15,1.44,51.13,0.028163505,"7","yes",NA,3.714285714,NA,NA,706863,5510951,49.71548277,-54.13025926
"1124","8","Wetland.12",2022-06-16,"Wetland","Kalmia",1,3.154,1.44,53.44,0.026946108,11,5.156,1.17,48.43,0.024158579,"7","yes",NA,22.5,NA,NA,702963,5508961,49.69893246,-54.18532702
"1125","8","Wetland.12",2022-06-16,"Wetland","Kalmia",2,3.298,1.17,53.36,0.021926537,11,5.156,1.17,48.43,0.024158579,"7","yes",NA,22.5,NA,NA,702963,5508961,49.69893246,-54.18532702
"1126","8","Wetland.12",2022-06-16,"Wetland","Kalmia",3,3.142,1.4,53.86,0.025993316,11,5.156,1.17,48.43,0.024158579,"7","yes",NA,22.5,NA,NA,702963,5508961,49.69893246,-54.18532702
"1127","8","Wetland.12",2022-06-16,"Wetland","Kalmia",4,3.136,1.47,54.4,0.027022059,11,5.156,1.17,48.43,0.024158579,"7","yes",NA,22.5,NA,NA,702963,5508961,49.69893246,-54.18532702
"1128","1","Mixed.7",2022-06-15,"Mixed","Lingonberry",1,3.127,0.74,50.9,0.01453831,10,5.15,1.44,51.13,0.028163505,"7","yes",NA,3.714285714,NA,NA,706863,5510951,49.71548277,-54.13025926
"1129","1","Mixed.7",2022-06-15,"Mixed","Lingonberry",2,3.356,0.84,45.02,0.018658374,10,5.15,1.44,51.13,0.028163505,"7","yes",NA,3.714285714,NA,NA,706863,5510951,49.71548277,-54.13025926
"1130","1","Mixed.7",2022-06-15,"Mixed","Lingonberry",3,3.064,0.76,49.66,0.015304068,10,5.15,1.44,51.13,0.028163505,"7","yes",NA,3.714285714,NA,NA,706863,5510951,49.71548277,-54.13025926
"1131","1","Mixed.7",2022-06-15,"Mixed","Lingonberry",4,3.451,0.46,51.76,0.008887172,10,5.15,1.44,51.13,0.028163505,"7","yes",NA,3.714285714,NA,NA,706863,5510951,49.71548277,-54.13025926
"1132","2","Lichen.12",2022-06-15,"Lichen","Lingonberry",1,2.327,0.42,51.73,0.00811908,11,5.094,1.18,36.24,0.032560706,"7","yes",NA,4,NA,NA,712423,5509311,49.69881574,-54.05412522
"1133","2","Lichen.12",2022-06-15,"Lichen","Lingonberry",2,2.048,0.49,50.66,0.009672325,11,5.094,1.18,36.24,0.032560706,"7","yes",NA,4,NA,NA,712423,5509311,49.69881574,-54.05412522
"1134","2","Lichen.12",2022-06-15,"Lichen","Lingonberry",3,2.179,0.63,50.29,0.012527341,11,5.094,1.18,36.24,0.032560706,"7","yes",NA,4,NA,NA,712423,5509311,49.69881574,-54.05412522
"1135","2","Lichen.12",2022-06-15,"Lichen","Lingonberry",4,2.095,0.53,47.7,0.011111111,11,5.094,1.18,36.24,0.032560706,"7","yes",NA,4,NA,NA,712423,5509311,49.69881574,-54.05412522
"1136","3","Mixed.7",2022-06-15,"Mixed","Lingonberry",1,3.127,0.74,50.9,0.01453831,10,5.15,1.44,51.13,0.028163505,"7","yes",NA,3.714285714,NA,NA,706863,5510951,49.71548277,-54.13025926
"1137","3","Mixed.7",2022-06-15,"Mixed","Lingonberry",2,3.356,0.84,45.02,0.018658374,10,5.15,1.44,51.13,0.028163505,"7","yes",NA,3.714285714,NA,NA,706863,5510951,49.71548277,-54.13025926
"1138","3","Mixed.7",2022-06-15,"Mixed","Lingonberry",3,3.064,0.76,49.66,0.015304068,10,5.15,1.44,51.13,0.028163505,"7","yes",NA,3.714285714,NA,NA,706863,5510951,49.71548277,-54.13025926
"1139","3","Mixed.7",2022-06-15,"Mixed","Lingonberry",4,3.451,0.46,51.76,0.008887172,10,5.15,1.44,51.13,0.028163505,"7","yes",NA,3.714285714,NA,NA,706863,5510951,49.71548277,-54.13025926
"1140","7","Scrub.28",2022-06-16,"Scrub","Alder",1,3.396,3.95,48.13,0.082069395,11,5.057,1.54,27.86,0.055276382,"7","yes",NA,2.571428571,NA,NA,702553,5510601,49.71380368,-54.19015531
"1141","7","Scrub.28",2022-06-16,"Scrub","Alder",2,3.328,4.07,49.76,0.081792605,11,5.057,1.54,27.86,0.055276382,"7","yes",NA,2.571428571,NA,NA,702553,5510601,49.71380368,-54.19015531
"1142","7","Scrub.28",2022-06-16,"Scrub","Alder",3,3.115,4.09,48.72,0.083949097,11,5.057,1.54,27.86,0.055276382,"7","yes",NA,2.571428571,NA,NA,702553,5510601,49.71380368,-54.19015531
"1143","7","Scrub.28",2022-06-16,"Scrub","Alder",4,3.283,4.63,48.83,0.094818759,11,5.057,1.54,27.86,0.055276382,"7","yes",NA,2.571428571,NA,NA,702553,5510601,49.71380368,-54.19015531
"1144","7","Scrub.28",2022-06-16,"Scrub","Blueberry",1,3.071,3.25,48.81,0.066584716,11,5.057,1.54,27.86,0.055276382,"7","yes",NA,2.571428571,NA,NA,702553,5510601,49.71380368,-54.19015531
"1145","7","Scrub.28",2022-06-16,"Scrub","Blueberry",2,3.165,3.19,48.25,0.06611399,11,5.057,1.54,27.86,0.055276382,"7","yes",NA,2.571428571,NA,NA,702553,5510601,49.71380368,-54.19015531
"1146","7","Scrub.28",2022-06-16,"Scrub","Blueberry",3,3.007,2.91,49.4,0.058906883,11,5.057,1.54,27.86,0.055276382,"7","yes",NA,2.571428571,NA,NA,702553,5510601,49.71380368,-54.19015531
"1147","7","Scrub.28",2022-06-16,"Scrub","Blueberry",4,3.092,3.1,48.68,0.063681183,11,5.057,1.54,27.86,0.055276382,"7","yes",NA,2.571428571,NA,NA,702553,5510601,49.71380368,-54.19015531
"1148","7","Scrub.28",2022-06-16,"Scrub","Deergrass",1,3.025,2.36,46.19,0.05109331,11,5.057,1.54,27.86,0.055276382,"7","yes",NA,2.571428571,NA,NA,702553,5510601,49.71380368,-54.19015531
"1149","7","Scrub.28",2022-06-16,"Scrub","Deergrass",2,3.332,2.07,45.23,0.045766084,11,5.057,1.54,27.86,0.055276382,"7","yes",NA,2.571428571,NA,NA,702553,5510601,49.71380368,-54.19015531
"1150","7","Scrub.28",2022-06-16,"Scrub","Deergrass",3,3.167,2.15,46.13,0.046607414,11,5.057,1.54,27.86,0.055276382,"7","yes",NA,2.571428571,NA,NA,702553,5510601,49.71380368,-54.19015531
"1151","7","Scrub.28",2022-06-16,"Scrub","Deergrass",4,3.149,2.09,46.13,0.045306742,11,5.057,1.54,27.86,0.055276382,"7","yes",NA,2.571428571,NA,NA,702553,5510601,49.71380368,-54.19015531
"1152","7","Scrub.30",2022-06-16,"Scrub","Alder",1,3.18,2.78,51.65,0.053823814,11,5.779,2.04,32.19,0.063373719,"7",NA,NA,9.142857143,NA,NA,700963,5505531,49.66878807,-54.21479036
"1153","7","Scrub.30",2022-06-16,"Scrub","Alder",2,3.256,3.71,51.59,0.071913161,11,5.779,2.04,32.19,0.063373719,"7",NA,NA,9.142857143,NA,NA,700963,5505531,49.66878807,-54.21479036
"1154","7","Scrub.30",2022-06-16,"Scrub","Alder",3,3.017,2.56,51.45,0.049757046,11,5.779,2.04,32.19,0.063373719,"7",NA,NA,9.142857143,NA,NA,700963,5505531,49.66878807,-54.21479036
"1155","7","Scrub.30",2022-06-16,"Scrub","Alder",4,3.084,2.5,50.89,0.049125565,11,5.779,2.04,32.19,0.063373719,"7",NA,NA,9.142857143,NA,NA,700963,5505531,49.66878807,-54.21479036
"1156","2","Lichen.3",2022-06-15,"Lichen","Blueberry",1,3.502,2.29,52.21,0.043861329,10,5.19,0.6,22.72,0.026408451,"9","yes",NA,2.375,NA,NA,707393,5511261,49.71808525,-54.12275185
"1157","2","Lichen.3",2022-06-15,"Lichen","Blueberry",2,3.045,2.35,51.55,0.045586809,10,5.19,0.6,22.72,0.026408451,"9","yes",NA,2.375,NA,NA,707393,5511261,49.71808525,-54.12275185
"1158","2","Lichen.3",2022-06-15,"Lichen","Blueberry",3,3.042,2.48,50.92,0.048703849,10,5.19,0.6,22.72,0.026408451,"9","yes",NA,2.375,NA,NA,707393,5511261,49.71808525,-54.12275185
"1159","2","Lichen.3",2022-06-15,"Lichen","Blueberry",4,3.235,2.18,51.86,0.042036251,10,5.19,0.6,22.72,0.026408451,"9","yes",NA,2.375,NA,NA,707393,5511261,49.71808525,-54.12275185
"1160","4","Rocky.1",2022-06-16,"Rocky","Blueberry",1,3.36,3.01,52.15,0.057718121,10,5.098,0.57,17.09,0.033352838,"9",NA,NA,2.111111111,NA,NA,700793,5506441,49.67702007,-54.21667665
"1161","4","Rocky.1",2022-06-16,"Rocky","Blueberry",2,3.263,2.62,53.17,0.049275907,10,5.098,0.57,17.09,0.033352838,"9",NA,NA,2.111111111,NA,NA,700793,5506441,49.67702007,-54.21667665
"1162","4","Rocky.1",2022-06-16,"Rocky","Blueberry",3,3.12,2.6,52.34,0.049675201,10,5.098,0.57,17.09,0.033352838,"9",NA,NA,2.111111111,NA,NA,700793,5506441,49.67702007,-54.21667665
"1163","4","Rocky.1",2022-06-16,"Rocky","Blueberry",4,3.178,3.05,51.96,0.058698999,10,5.098,0.57,17.09,0.033352838,"9",NA,NA,2.111111111,NA,NA,700793,5506441,49.67702007,-54.21667665
"1164","1","Rocky.1",2022-06-16,"Rocky","Cladonia",1,3.287,0.36,44.33,0.008120911,10,5.098,0.57,17.09,0.033352838,"9",NA,NA,2.111111111,NA,NA,700793,5506441,49.67702007,-54.21667665
"1165","1","Rocky.1",2022-06-16,"Rocky","Cladonia",2,3.04,0.44,42.88,0.010261194,10,5.098,0.57,17.09,0.033352838,"9",NA,NA,2.111111111,NA,NA,700793,5506441,49.67702007,-54.21667665
"1166","1","Rocky.1",2022-06-16,"Rocky","Cladonia",3,3.126,0.32,43.79,0.007307604,10,5.098,0.57,17.09,0.033352838,"9",NA,NA,2.111111111,NA,NA,700793,5506441,49.67702007,-54.21667665
"1167","1","Rocky.1",2022-06-16,"Rocky","Cladonia",4,3.205,0.35,41.36,0.008462282,10,5.098,0.57,17.09,0.033352838,"9",NA,NA,2.111111111,NA,NA,700793,5506441,49.67702007,-54.21667665
"1168","2","Lichen.3",2022-06-15,"Lichen","Cladonia",1,3.211,0.23,44.38,0.005182515,10,5.19,0.6,22.72,0.026408451,"9","yes",NA,2.375,NA,NA,707393,5511261,49.71808525,-54.12275185
"1169","2","Lichen.3",2022-06-15,"Lichen","Cladonia",2,3.402,0.19,42.21,0.004501303,10,5.19,0.6,22.72,0.026408451,"9","yes",NA,2.375,NA,NA,707393,5511261,49.71808525,-54.12275185
"1170","2","Lichen.3",2022-06-15,"Lichen","Cladonia",3,2.997,0.19,43.61,0.004356799,10,5.19,0.6,22.72,0.026408451,"9","yes",NA,2.375,NA,NA,707393,5511261,49.71808525,-54.12275185
"1171","2","Lichen.3",2022-06-15,"Lichen","Cladonia",4,3.219,0.2,43.03,0.00464792,10,5.19,0.6,22.72,0.026408451,"9","yes",NA,2.375,NA,NA,707393,5511261,49.71808525,-54.12275185
"1172","3","Rocky.1",2022-06-16,"Rocky","Cladonia",1,3.287,0.36,44.33,0.008120911,10,5.098,0.57,17.09,0.033352838,"9",NA,NA,2.111111111,NA,NA,700793,5506441,49.67702007,-54.21667665
"1173","3","Rocky.1",2022-06-16,"Rocky","Cladonia",2,3.04,0.44,42.88,0.010261194,10,5.098,0.57,17.09,0.033352838,"9",NA,NA,2.111111111,NA,NA,700793,5506441,49.67702007,-54.21667665
"1174","3","Rocky.1",2022-06-16,"Rocky","Cladonia",3,3.126,0.32,43.79,0.007307604,10,5.098,0.57,17.09,0.033352838,"9",NA,NA,2.111111111,NA,NA,700793,5506441,49.67702007,-54.21667665
"1175","3","Rocky.1",2022-06-16,"Rocky","Cladonia",4,3.205,0.35,41.36,0.008462282,10,5.098,0.57,17.09,0.033352838,"9",NA,NA,2.111111111,NA,NA,700793,5506441,49.67702007,-54.21667665
"1176","7","Scrub.30",2022-06-16,"Scrub","Deergrass",1,3.028,2.2,46.89,0.046918319,11,5.779,2.04,32.19,0.063373719,"7",NA,NA,9.142857143,NA,NA,700963,5505531,49.66878807,-54.21479036
"1177","7","Scrub.30",2022-06-16,"Scrub","Deergrass",2,3.056,2.35,46.67,0.050353546,11,5.779,2.04,32.19,0.063373719,"7",NA,NA,9.142857143,NA,NA,700963,5505531,49.66878807,-54.21479036
"1178","7","Scrub.30",2022-06-16,"Scrub","Deergrass",3,3.411,2.24,45.76,0.048951049,11,5.779,2.04,32.19,0.063373719,"7",NA,NA,9.142857143,NA,NA,700963,5505531,49.66878807,-54.21479036
"1179","7","Scrub.30",2022-06-16,"Scrub","Deergrass",4,3.111,2.09,45.05,0.046392897,11,5.779,2.04,32.19,0.063373719,"7",NA,NA,9.142857143,NA,NA,700963,5505531,49.66878807,-54.21479036
"1180","2","Lichen.3",2022-06-15,"Lichen","Crowberry",1,3.095,0.77,54.27,0.014188318,10,5.19,0.6,22.72,0.026408451,"9","yes",NA,2.375,NA,NA,707393,5511261,49.71808525,-54.12275185
"1181","2","Lichen.3",2022-06-15,"Lichen","Crowberry",2,2.994,0.73,54.63,0.013362621,10,5.19,0.6,22.72,0.026408451,"9","yes",NA,2.375,NA,NA,707393,5511261,49.71808525,-54.12275185
"1182","2","Lichen.3",2022-06-15,"Lichen","Crowberry",3,3.155,0.94,54.24,0.017330383,10,5.19,0.6,22.72,0.026408451,"9","yes",NA,2.375,NA,NA,707393,5511261,49.71808525,-54.12275185
"1183","2","Lichen.3",2022-06-15,"Lichen","Crowberry",4,3.06,0.82,55.86,0.014679556,10,5.19,0.6,22.72,0.026408451,"9","yes",NA,2.375,NA,NA,707393,5511261,49.71808525,-54.12275185
"1184","4","Rocky.1",2022-06-16,"Rocky","Crowberry",1,3.083,0.82,56.78,0.014441705,10,5.098,0.57,17.09,0.033352838,"9",NA,NA,2.111111111,NA,NA,700793,5506441,49.67702007,-54.21667665
"1185","4","Rocky.1",2022-06-16,"Rocky","Crowberry",2,3.062,0.85,56.56,0.015028289,10,5.098,0.57,17.09,0.033352838,"9",NA,NA,2.111111111,NA,NA,700793,5506441,49.67702007,-54.21667665
"1186","4","Rocky.1",2022-06-16,"Rocky","Crowberry",3,3.219,0.92,56.2,0.016370107,10,5.098,0.57,17.09,0.033352838,"9",NA,NA,2.111111111,NA,NA,700793,5506441,49.67702007,-54.21667665
"1187","4","Rocky.1",2022-06-16,"Rocky","Crowberry",4,3.076,0.82,56.77,0.014444249,10,5.098,0.57,17.09,0.033352838,"9",NA,NA,2.111111111,NA,NA,700793,5506441,49.67702007,-54.21667665
"1188","1","Rocky.1",2022-06-16,"Rocky","Kalmia",1,3.479,1.78,53.7,0.033147114,10,5.098,0.57,17.09,0.033352838,"9",NA,NA,2.111111111,NA,NA,700793,5506441,49.67702007,-54.21667665
"1189","1","Rocky.1",2022-06-16,"Rocky","Kalmia",2,3.005,1.73,53.33,0.032439527,10,5.098,0.57,17.09,0.033352838,"9",NA,NA,2.111111111,NA,NA,700793,5506441,49.67702007,-54.21667665
"1190","1","Rocky.1",2022-06-16,"Rocky","Kalmia",3,3.126,1.69,52.77,0.032025772,10,5.098,0.57,17.09,0.033352838,"9",NA,NA,2.111111111,NA,NA,700793,5506441,49.67702007,-54.21667665
"1191","1","Rocky.1",2022-06-16,"Rocky","Kalmia",4,3.151,1.56,52.72,0.029590288,10,5.098,0.57,17.09,0.033352838,"9",NA,NA,2.111111111,NA,NA,700793,5506441,49.67702007,-54.21667665
"1192","3","Rocky.1",2022-06-16,"Rocky","Kalmia",1,3.479,1.78,53.7,0.033147114,10,5.098,0.57,17.09,0.033352838,"9",NA,NA,2.111111111,NA,NA,700793,5506441,49.67702007,-54.21667665
"1193","3","Rocky.1",2022-06-16,"Rocky","Kalmia",2,3.005,1.73,53.33,0.032439527,10,5.098,0.57,17.09,0.033352838,"9",NA,NA,2.111111111,NA,NA,700793,5506441,49.67702007,-54.21667665
"1194","3","Rocky.1",2022-06-16,"Rocky","Kalmia",3,3.126,1.69,52.77,0.032025772,10,5.098,0.57,17.09,0.033352838,"9",NA,NA,2.111111111,NA,NA,700793,5506441,49.67702007,-54.21667665
"1195","3","Rocky.1",2022-06-16,"Rocky","Kalmia",4,3.151,1.56,52.72,0.029590288,10,5.098,0.57,17.09,0.033352838,"9",NA,NA,2.111111111,NA,NA,700793,5506441,49.67702007,-54.21667665
"1196","7","Scrub.5",2022-06-14,"Scrub","Cladonia",1,3.058,0.3,44.43,0.006752194,11,5.241,1.26,52.13,0.024170343,"3","yes",NA,18,NA,NA,699923,5506431,49.67721931,-54.22872649
"1197","7","Scrub.5",2022-06-14,"Scrub","Cladonia",2,3.039,0.32,43.48,0.007359706,11,5.241,1.26,52.13,0.024170343,"3","yes",NA,18,NA,NA,699923,5506431,49.67721931,-54.22872649
"1198","7","Scrub.5",2022-06-14,"Scrub","Cladonia",3,3.184,0.3,42.94,0.006986493,11,5.241,1.26,52.13,0.024170343,"3","yes",NA,18,NA,NA,699923,5506431,49.67721931,-54.22872649
"1199","7","Scrub.5",2022-06-14,"Scrub","Cladonia",4,3.272,0.22,41.17,0.005343697,11,5.241,1.26,52.13,0.024170343,"3","yes",NA,18,NA,NA,699923,5506431,49.67721931,-54.22872649
"1200","2","Lichen.3",2022-06-15,"Lichen","Lingonberry",1,3.421,0.68,52.71,0.012900778,10,5.19,0.6,22.72,0.026408451,"9","yes",NA,2.375,NA,NA,707393,5511261,49.71808525,-54.12275185
"1201","2","Lichen.3",2022-06-15,"Lichen","Lingonberry",2,3.137,0.83,52.03,0.015952335,10,5.19,0.6,22.72,0.026408451,"9","yes",NA,2.375,NA,NA,707393,5511261,49.71808525,-54.12275185
"1202","2","Lichen.3",2022-06-15,"Lichen","Lingonberry",3,3.003,0.62,52.31,0.011852418,10,5.19,0.6,22.72,0.026408451,"9","yes",NA,2.375,NA,NA,707393,5511261,49.71808525,-54.12275185
"1203","2","Lichen.3",2022-06-15,"Lichen","Lingonberry",4,3.344,0.58,50.87,0.011401612,10,5.19,0.6,22.72,0.026408451,"9","yes",NA,2.375,NA,NA,707393,5511261,49.71808525,-54.12275185
"1204","7","Scrub.5",2022-06-14,"Scrub","Kalmia",1,3.007,1.34,53.17,0.025202182,11,5.241,1.26,52.13,0.024170343,"3","yes",NA,18,NA,NA,699923,5506431,49.67721931,-54.22872649
"1205","7","Scrub.5",2022-06-14,"Scrub","Kalmia",2,3.068,1.39,52.08,0.026689708,11,5.241,1.26,52.13,0.024170343,"3","yes",NA,18,NA,NA,699923,5506431,49.67721931,-54.22872649
"1206","7","Scrub.5",2022-06-14,"Scrub","Kalmia",3,3.025,1.26,53.8,0.023420074,11,5.241,1.26,52.13,0.024170343,"3","yes",NA,18,NA,NA,699923,5506431,49.67721931,-54.22872649
"1207","7","Scrub.5",2022-06-14,"Scrub","Kalmia",4,3.109,1.27,54.62,0.023251556,11,5.241,1.26,52.13,0.024170343,"3","yes",NA,18,NA,NA,699923,5506431,49.67721931,-54.22872649
"1208","9","Wetland.7",2022-06-16,"Wetland","Blueberry",1,2.913,1.62,51.12,0.031690141,11,5.245,0.88,34.65,0.025396825,"11","yes",NA,1.909090909,NA,NA,702563,5506771,49.67939272,-54.19200162
"1209","9","Wetland.7",2022-06-16,"Wetland","Blueberry",2,2.93,2.87,49.4,0.058097166,11,5.245,0.88,34.65,0.025396825,"11","yes",NA,1.909090909,NA,NA,702563,5506771,49.67939272,-54.19200162
"1210","9","Wetland.7",2022-06-16,"Wetland","Blueberry",3,2.889,2.3,50.86,0.045222179,11,5.245,0.88,34.65,0.025396825,"11","yes",NA,1.909090909,NA,NA,702563,5506771,49.67939272,-54.19200162
"1211","9","Wetland.7",2022-06-16,"Wetland","Blueberry",4,3.147,2.54,49.5,0.051313131,11,5.245,0.88,34.65,0.025396825,"11","yes",NA,1.909090909,NA,NA,702563,5506771,49.67939272,-54.19200162
"1212","10","Wetland.7",2022-06-16,"Wetland","Cladonia",1,2.926,0.42,43.4,0.009677419,11,5.245,0.88,34.65,0.025396825,"11","yes",NA,1.909090909,NA,NA,702563,5506771,49.67939272,-54.19200162
"1213","10","Wetland.7",2022-06-16,"Wetland","Cladonia",2,3.15,0.32,36.87,0.008679143,11,5.245,0.88,34.65,0.025396825,"11","yes",NA,1.909090909,NA,NA,702563,5506771,49.67939272,-54.19200162
"1214","10","Wetland.7",2022-06-16,"Wetland","Cladonia",3,3.188,0.37,43.64,0.00847846,11,5.245,0.88,34.65,0.025396825,"11","yes",NA,1.909090909,NA,NA,702563,5506771,49.67939272,-54.19200162
"1215","10","Wetland.7",2022-06-16,"Wetland","Cladonia",4,3.049,0.32,42.26,0.007572172,11,5.245,0.88,34.65,0.025396825,"11","yes",NA,1.909090909,NA,NA,702563,5506771,49.67939272,-54.19200162
"1216","10","Wetland.7",2022-06-16,"Wetland","Crowberry",1,3.009,0.69,54.05,0.012765957,11,5.245,0.88,34.65,0.025396825,"11","yes",NA,1.909090909,NA,NA,702563,5506771,49.67939272,-54.19200162
"1217","10","Wetland.7",2022-06-16,"Wetland","Crowberry",2,2.971,1.05,53.3,0.019699812,11,5.245,0.88,34.65,0.025396825,"11","yes",NA,1.909090909,NA,NA,702563,5506771,49.67939272,-54.19200162
"1218","10","Wetland.7",2022-06-16,"Wetland","Crowberry",3,3.098,0.88,52.39,0.016797099,11,5.245,0.88,34.65,0.025396825,"11","yes",NA,1.909090909,NA,NA,702563,5506771,49.67939272,-54.19200162
"1219","10","Wetland.7",2022-06-16,"Wetland","Crowberry",4,3.094,0.91,54.27,0.016768012,11,5.245,0.88,34.65,0.025396825,"11","yes",NA,1.909090909,NA,NA,702563,5506771,49.67939272,-54.19200162
"1220","10","Wetland.7",2022-06-16,"Wetland","Kalmia",1,3.045,1.26,53.02,0.023764617,11,5.245,0.88,34.65,0.025396825,"11","yes",NA,1.909090909,NA,NA,702563,5506771,49.67939272,-54.19200162
"1221","10","Wetland.7",2022-06-16,"Wetland","Kalmia",2,3.091,1.26,53.88,0.023385301,11,5.245,0.88,34.65,0.025396825,"11","yes",NA,1.909090909,NA,NA,702563,5506771,49.67939272,-54.19200162
"1222","10","Wetland.7",2022-06-16,"Wetland","Kalmia",3,3.234,1.46,54.42,0.026828372,11,5.245,0.88,34.65,0.025396825,"11","yes",NA,1.909090909,NA,NA,702563,5506771,49.67939272,-54.19200162
"1223","10","Wetland.7",2022-06-16,"Wetland","Kalmia",4,3.109,1.42,54.19,0.026204097,11,5.245,0.88,34.65,0.025396825,"11","yes",NA,1.909090909,NA,NA,702563,5506771,49.67939272,-54.19200162
"1224","1","Mixed.1",2022-06-15,"Mixed","Alder",1,3.045,4.82,48.06,0.100291303,10,5.46,1,39.77,0.025144581,"unkn",NA,NA,NA,NA,NA,709403,5510621,49.71164052,-54.09524715
"1225","1","Mixed.1",2022-06-15,"Mixed","Alder",2,3.029,5.02,48.9,0.102658487,10,5.46,1,39.77,0.025144581,"unkn",NA,NA,NA,NA,NA,709403,5510621,49.71164052,-54.09524715
"1226","1","Mixed.1",2022-06-15,"Mixed","Alder",3,3.241,4.5,50.08,0.08985623,10,5.46,1,39.77,0.025144581,"unkn",NA,NA,NA,NA,NA,709403,5510621,49.71164052,-54.09524715
"1227","1","Mixed.1",2022-06-15,"Mixed","Alder",4,3.298,4.87,47.64,0.102225021,10,5.46,1,39.77,0.025144581,"unkn",NA,NA,NA,NA,NA,709403,5510621,49.71164052,-54.09524715
"1228","3","Mixed.1",2022-06-15,"Mixed","Alder",1,3.045,4.82,48.06,0.100291303,10,5.46,1,39.77,0.025144581,"unkn",NA,NA,NA,NA,NA,709403,5510621,49.71164052,-54.09524715
"1229","3","Mixed.1",2022-06-15,"Mixed","Alder",2,3.029,5.02,48.9,0.102658487,10,5.46,1,39.77,0.025144581,"unkn",NA,NA,NA,NA,NA,709403,5510621,49.71164052,-54.09524715
"1230","3","Mixed.1",2022-06-15,"Mixed","Alder",3,3.241,4.5,50.08,0.08985623,10,5.46,1,39.77,0.025144581,"unkn",NA,NA,NA,NA,NA,709403,5510621,49.71164052,-54.09524715
"1231","3","Mixed.1",2022-06-15,"Mixed","Alder",4,3.298,4.87,47.64,0.102225021,10,5.46,1,39.77,0.025144581,"unkn",NA,NA,NA,NA,NA,709403,5510621,49.71164052,-54.09524715
"1232","7","Scrub.5",2022-06-14,"Scrub","Lingonberry",1,3.204,0.66,50.71,0.013015184,11,5.241,1.26,52.13,0.024170343,"3","yes",NA,18,NA,NA,699923,5506431,49.67721931,-54.22872649
"1233","7","Scrub.5",2022-06-14,"Scrub","Lingonberry",2,3.345,0.62,52.4,0.011832061,11,5.241,1.26,52.13,0.024170343,"3","yes",NA,18,NA,NA,699923,5506431,49.67721931,-54.22872649
"1234","7","Scrub.5",2022-06-14,"Scrub","Lingonberry",3,3.175,0.7,51.61,0.013563263,11,5.241,1.26,52.13,0.024170343,"3","yes",NA,18,NA,NA,699923,5506431,49.67721931,-54.22872649
"1235","7","Scrub.5",2022-06-14,"Scrub","Lingonberry",4,3.211,0.76,51,0.014901961,11,5.241,1.26,52.13,0.024170343,"3","yes",NA,18,NA,NA,699923,5506431,49.67721931,-54.22872649
"1236","1","Mixed.1",2022-06-15,"Mixed","Kalmia",1,3.159,1.61,53.54,0.030070975,10,5.46,1,39.77,0.025144581,"unkn",NA,NA,NA,NA,NA,709403,5510621,49.71164052,-54.09524715
"1237","1","Mixed.1",2022-06-15,"Mixed","Kalmia",2,3.133,1.71,53.97,0.031684269,10,5.46,1,39.77,0.025144581,"unkn",NA,NA,NA,NA,NA,709403,5510621,49.71164052,-54.09524715
"1238","1","Mixed.1",2022-06-15,"Mixed","Kalmia",3,3.182,1.58,53.09,0.029760784,10,5.46,1,39.77,0.025144581,"unkn",NA,NA,NA,NA,NA,709403,5510621,49.71164052,-54.09524715
"1239","1","Mixed.1",2022-06-15,"Mixed","Kalmia",4,3.205,1.59,53.44,0.029752994,10,5.46,1,39.77,0.025144581,"unkn",NA,NA,NA,NA,NA,709403,5510621,49.71164052,-54.09524715
"1240","3","Mixed.1",2022-06-15,"Mixed","Kalmia",1,3.159,1.61,53.54,0.030070975,10,5.46,1,39.77,0.025144581,"unkn",NA,NA,NA,NA,NA,709403,5510621,49.71164052,-54.09524715
"1241","3","Mixed.1",2022-06-15,"Mixed","Kalmia",2,3.133,1.71,53.97,0.031684269,10,5.46,1,39.77,0.025144581,"unkn",NA,NA,NA,NA,NA,709403,5510621,49.71164052,-54.09524715
"1242","3","Mixed.1",2022-06-15,"Mixed","Kalmia",3,3.182,1.58,53.09,0.029760784,10,5.46,1,39.77,0.025144581,"unkn",NA,NA,NA,NA,NA,709403,5510621,49.71164052,-54.09524715
"1243","3","Mixed.1",2022-06-15,"Mixed","Kalmia",4,3.205,1.59,53.44,0.029752994,10,5.46,1,39.77,0.025144581,"unkn",NA,NA,NA,NA,NA,709403,5510621,49.71164052,-54.09524715
"1244","7","Scrub.7",2022-06-15,"Scrub","Alder",1,3.018,3.84,48.01,0.079983337,11,5.317,1.79,48.81,0.036672813,"5","yes",NA,8,NA,NA,706253,5511401,49.71973448,-54.1384727
"1245","7","Scrub.7",2022-06-15,"Scrub","Alder",2,3.395,4.28,52.3,0.081835564,11,5.317,1.79,48.81,0.036672813,"5","yes",NA,8,NA,NA,706253,5511401,49.71973448,-54.1384727
"1246","7","Scrub.7",2022-06-15,"Scrub","Alder",3,3.321,4.07,50.24,0.081011146,11,5.317,1.79,48.81,0.036672813,"5","yes",NA,8,NA,NA,706253,5511401,49.71973448,-54.1384727
"1247","7","Scrub.7",2022-06-15,"Scrub","Alder",4,3.05,3.81,50.82,0.074970484,11,5.317,1.79,48.81,0.036672813,"5","yes",NA,8,NA,NA,706253,5511401,49.71973448,-54.1384727
"1248","1","Mixed.1",2022-06-15,"Mixed","Lingonberry",1,3.031,0.94,48.99,0.019187589,10,5.46,1,39.77,0.025144581,"unkn",NA,NA,NA,NA,NA,709403,5510621,49.71164052,-54.09524715
"1249","1","Mixed.1",2022-06-15,"Mixed","Lingonberry",2,3.188,0.79,50.74,0.01556957,10,5.46,1,39.77,0.025144581,"unkn",NA,NA,NA,NA,NA,709403,5510621,49.71164052,-54.09524715
"1250","1","Mixed.1",2022-06-15,"Mixed","Lingonberry",3,3.075,0.95,47.45,0.020021075,10,5.46,1,39.77,0.025144581,"unkn",NA,NA,NA,NA,NA,709403,5510621,49.71164052,-54.09524715
"1251","1","Mixed.1",2022-06-15,"Mixed","Lingonberry",4,3.312,0.88,49.8,0.017670683,10,5.46,1,39.77,0.025144581,"unkn",NA,NA,NA,NA,NA,709403,5510621,49.71164052,-54.09524715
"1252","3","Mixed.1",2022-06-15,"Mixed","Lingonberry",1,3.031,0.94,48.99,0.019187589,10,5.46,1,39.77,0.025144581,"unkn",NA,NA,NA,NA,NA,709403,5510621,49.71164052,-54.09524715
"1253","3","Mixed.1",2022-06-15,"Mixed","Lingonberry",2,3.188,0.79,50.74,0.01556957,10,5.46,1,39.77,0.025144581,"unkn",NA,NA,NA,NA,NA,709403,5510621,49.71164052,-54.09524715
"1254","3","Mixed.1",2022-06-15,"Mixed","Lingonberry",3,3.075,0.95,47.45,0.020021075,10,5.46,1,39.77,0.025144581,"unkn",NA,NA,NA,NA,NA,709403,5510621,49.71164052,-54.09524715
"1255","3","Mixed.1",2022-06-15,"Mixed","Lingonberry",4,3.312,0.88,49.8,0.017670683,10,5.46,1,39.77,0.025144581,"unkn",NA,NA,NA,NA,NA,709403,5510621,49.71164052,-54.09524715
"1256","8","Wetland.14",NA,"Wetland","Dwarf_birch",1,3.226,3.45,48.84,0.070638821,NA,NA,NA,NA,NA,NA,NA,NA,NA,NA,NA,699143,5507751,49.68933643,-54.23885332
"1257","8","Wetland.14",NA,"Wetland","Dwarf_birch",2,3.058,3.77,49,0.076938776,NA,NA,NA,NA,NA,NA,NA,NA,NA,NA,NA,699143,5507751,49.68933643,-54.23885332
"1258","8","Wetland.14",NA,"Wetland","Dwarf_birch",3,3.036,3.29,43.12,0.076298701,NA,NA,NA,NA,NA,NA,NA,NA,NA,NA,NA,699143,5507751,49.68933643,-54.23885332
"1259","8","Wetland.14",NA,"Wetland","Dwarf_birch",4,3.099,3.4,48.79,0.069686411,NA,NA,NA,NA,NA,NA,NA,NA,NA,NA,NA,699143,5507751,49.68933643,-54.23885332
"1260","1","Mixed.9",NA,"Mixed","Black_spruce",1,3.038,0.4,50.23,0.007963369,NA,NA,NA,NA,NA,NA,NA,NA,NA,NA,NA,697873,5509191,49.70269196,-54.25571171
"1261","1","Mixed.9",NA,"Mixed","Black_spruce",2,3.189,0.52,51.32,0.010132502,NA,NA,NA,NA,NA,NA,NA,NA,NA,NA,NA,697873,5509191,49.70269196,-54.25571171
"1262","1","Mixed.9",NA,"Mixed","Black_spruce",3,3.06,0.56,51.27,0.010922567,NA,NA,NA,NA,NA,NA,NA,NA,NA,NA,NA,697873,5509191,49.70269196,-54.25571171
"1263","1","Mixed.9",NA,"Mixed","Black_spruce",4,3.017,0.46,50.46,0.009116132,NA,NA,NA,NA,NA,NA,NA,NA,NA,NA,NA,697873,5509191,49.70269196,-54.25571171
"1264","3","Mixed.9",NA,"Mixed","Black_spruce",1,3.038,0.4,50.23,0.007963369,NA,NA,NA,NA,NA,NA,NA,NA,NA,NA,NA,697873,5509191,49.70269196,-54.25571171
"1265","3","Mixed.9",NA,"Mixed","Black_spruce",2,3.189,0.52,51.32,0.010132502,NA,NA,NA,NA,NA,NA,NA,NA,NA,NA,NA,697873,5509191,49.70269196,-54.25571171
"1266","3","Mixed.9",NA,"Mixed","Black_spruce",3,3.06,0.56,51.27,0.010922567,NA,NA,NA,NA,NA,NA,NA,NA,NA,NA,NA,697873,5509191,49.70269196,-54.25571171
"1267","3","Mixed.9",NA,"Mixed","Black_spruce",4,3.017,0.46,50.46,0.009116132,NA,NA,NA,NA,NA,NA,NA,NA,NA,NA,NA,697873,5509191,49.70269196,-54.25571171
"1268","6","Rocky.9",NA,"Rocky","Cladonia",1,3.272,0.3,43.15,0.006952491,11,5.298,0.21,6.22,0.033762058,NA,NA,NA,NA,NA,NA,699143,5507941,49.69104341,-54.23875655
"1269","6","Rocky.9",NA,"Rocky","Cladonia",2,3.167,0.31,41.71,0.00743227,11,5.298,0.21,6.22,0.033762058,NA,NA,NA,NA,NA,NA,699143,5507941,49.69104341,-54.23875655
"1270","6","Rocky.9",NA,"Rocky","Cladonia",3,3.598,0.3,43.28,0.006931608,11,5.298,0.21,6.22,0.033762058,NA,NA,NA,NA,NA,NA,699143,5507941,49.69104341,-54.23875655
"1271","6","Rocky.9",NA,"Rocky","Cladonia",4,3.081,0.32,42.87,0.007464427,11,5.298,0.21,6.22,0.033762058,NA,NA,NA,NA,NA,NA,699143,5507941,49.69104341,-54.23875655
"1272","6","Rocky.9",NA,"Rocky","Crowberry",1,3.083,0.73,53.91,0.013541087,11,5.298,0.21,6.22,0.033762058,NA,NA,NA,NA,NA,NA,699143,5507941,49.69104341,-54.23875655
"1273","6","Rocky.9",NA,"Rocky","Crowberry",2,2.981,0.87,53.39,0.016295186,11,5.298,0.21,6.22,0.033762058,NA,NA,NA,NA,NA,NA,699143,5507941,49.69104341,-54.23875655
"1274","6","Rocky.9",NA,"Rocky","Crowberry",3,3.205,0.81,53.32,0.015191298,11,5.298,0.21,6.22,0.033762058,NA,NA,NA,NA,NA,NA,699143,5507941,49.69104341,-54.23875655
"1275","6","Rocky.9",NA,"Rocky","Crowberry",4,3,0.79,53.83,0.014675831,11,5.298,0.21,6.22,0.033762058,NA,NA,NA,NA,NA,NA,699143,5507941,49.69104341,-54.23875655
"1276","7","Scrub.7",2022-06-15,"Scrub","Kalmia",1,3.009,1.62,52.78,0.030693444,11,5.317,1.79,48.81,0.036672813,"5","yes",NA,8,NA,NA,706253,5511401,49.71973448,-54.1384727
"1277","7","Scrub.7",2022-06-15,"Scrub","Kalmia",2,3.014,1.7,52.48,0.032393293,11,5.317,1.79,48.81,0.036672813,"5","yes",NA,8,NA,NA,706253,5511401,49.71973448,-54.1384727
"1278","7","Scrub.7",2022-06-15,"Scrub","Kalmia",3,3.017,1.44,57.88,0.02487906,11,5.317,1.79,48.81,0.036672813,"5","yes",NA,8,NA,NA,706253,5511401,49.71973448,-54.1384727
"1279","7","Scrub.7",2022-06-15,"Scrub","Kalmia",4,3.032,1.34,57.19,0.02343067,11,5.317,1.79,48.81,0.036672813,"5","yes",NA,8,NA,NA,706253,5511401,49.71973448,-54.1384727
"1280","8","Wetland.14",NA,"Wetland","Deergrass",1,3.104,2.31,46.24,0.049956747,NA,NA,NA,NA,NA,NA,NA,NA,NA,NA,NA,699143,5507751,49.68933643,-54.23885332
"1281","8","Wetland.14",NA,"Wetland","Deergrass",2,3.117,1.53,46.13,0.033167136,NA,NA,NA,NA,NA,NA,NA,NA,NA,NA,NA,699143,5507751,49.68933643,-54.23885332
"1282","8","Wetland.14",NA,"Wetland","Deergrass",3,2.978,2.02,47.61,0.042428061,NA,NA,NA,NA,NA,NA,NA,NA,NA,NA,NA,699143,5507751,49.68933643,-54.23885332
"1283","8","Wetland.14",NA,"Wetland","Deergrass",4,3.049,1.8,44.61,0.040349697,NA,NA,NA,NA,NA,NA,NA,NA,NA,NA,NA,699143,5507751,49.68933643,-54.23885332
"1284","1","Mixed.9",NA,"Mixed","Kalmia",1,3.052,1.2,55.03,0.021806287,NA,NA,NA,NA,NA,NA,NA,NA,NA,NA,NA,697873,5509191,49.70269196,-54.25571171
"1285","1","Mixed.9",NA,"Mixed","Kalmia",2,3.241,1.49,54.79,0.027194744,NA,NA,NA,NA,NA,NA,NA,NA,NA,NA,NA,697873,5509191,49.70269196,-54.25571171
"1286","1","Mixed.9",NA,"Mixed","Kalmia",3,3.015,1.65,52.2,0.031609195,NA,NA,NA,NA,NA,NA,NA,NA,NA,NA,NA,697873,5509191,49.70269196,-54.25571171
"1287","1","Mixed.9",NA,"Mixed","Kalmia",4,2.928,1.32,54.02,0.024435394,NA,NA,NA,NA,NA,NA,NA,NA,NA,NA,NA,697873,5509191,49.70269196,-54.25571171
"1288","3","Mixed.9",NA,"Mixed","Kalmia",1,3.052,1.2,55.03,0.021806287,NA,NA,NA,NA,NA,NA,NA,NA,NA,NA,NA,697873,5509191,49.70269196,-54.25571171
"1289","3","Mixed.9",NA,"Mixed","Kalmia",2,3.241,1.49,54.79,0.027194744,NA,NA,NA,NA,NA,NA,NA,NA,NA,NA,NA,697873,5509191,49.70269196,-54.25571171
"1290","3","Mixed.9",NA,"Mixed","Kalmia",3,3.015,1.65,52.2,0.031609195,NA,NA,NA,NA,NA,NA,NA,NA,NA,NA,NA,697873,5509191,49.70269196,-54.25571171
"1291","3","Mixed.9",NA,"Mixed","Kalmia",4,2.928,1.32,54.02,0.024435394,NA,NA,NA,NA,NA,NA,NA,NA,NA,NA,NA,697873,5509191,49.70269196,-54.25571171
"1292","7","Scrub.8",2022-06-16,"Scrub","Alder",1,3.339,3.23,51.72,0.062451663,11,5.166,0.53,7.75,0.068387097,"3","yes",NA,18.66666667,NA,NA,702563,5506621,49.67804516,-54.19207928
"1293","7","Scrub.8",2022-06-16,"Scrub","Alder",2,3.291,3.71,51.37,0.072221141,11,5.166,0.53,7.75,0.068387097,"3","yes",NA,18.66666667,NA,NA,702563,5506621,49.67804516,-54.19207928
"1294","7","Scrub.8",2022-06-16,"Scrub","Alder",3,3.34,3.78,52.11,0.07253886,11,5.166,0.53,7.75,0.068387097,"3","yes",NA,18.66666667,NA,NA,702563,5506621,49.67804516,-54.19207928
"1295","7","Scrub.8",2022-06-16,"Scrub","Alder",4,3.254,3.49,50.08,0.069688498,11,5.166,0.53,7.75,0.068387097,"3","yes",NA,18.66666667,NA,NA,702563,5506621,49.67804516,-54.19207928
"1296","6","Rocky.9",NA,"Rocky","Lingonberry",1,3.017,0.66,49.9,0.013226453,11,5.298,0.21,6.22,0.033762058,NA,NA,NA,NA,NA,NA,699143,5507941,49.69104341,-54.23875655
"1297","6","Rocky.9",NA,"Rocky","Lingonberry",2,3.055,0.56,51.78,0.010814986,11,5.298,0.21,6.22,0.033762058,NA,NA,NA,NA,NA,NA,699143,5507941,49.69104341,-54.23875655
"1298","6","Rocky.9",NA,"Rocky","Lingonberry",3,3.048,0.65,52.01,0.012497597,11,5.298,0.21,6.22,0.033762058,NA,NA,NA,NA,NA,NA,699143,5507941,49.69104341,-54.23875655
"1299","6","Rocky.9",NA,"Rocky","Lingonberry",4,3.06,0.61,50.74,0.012022073,11,5.298,0.21,6.22,0.033762058,NA,NA,NA,NA,NA,NA,699143,5507941,49.69104341,-54.23875655
"1300","7","Scrub.8",2022-06-16,"Scrub","Blueberry",1,3.037,3.84,49.99,0.076815363,11,5.166,0.53,7.75,0.068387097,"3","yes",NA,18.66666667,NA,NA,702563,5506621,49.67804516,-54.19207928
"1301","7","Scrub.8",2022-06-16,"Scrub","Blueberry",2,3.279,3.82,50.21,0.076080462,11,5.166,0.53,7.75,0.068387097,"3","yes",NA,18.66666667,NA,NA,702563,5506621,49.67804516,-54.19207928
"1302","7","Scrub.8",2022-06-16,"Scrub","Blueberry",3,3.071,3.85,50.42,0.076358588,11,5.166,0.53,7.75,0.068387097,"3","yes",NA,18.66666667,NA,NA,702563,5506621,49.67804516,-54.19207928
"1303","7","Scrub.8",2022-06-16,"Scrub","Blueberry",4,3.237,3.65,50.76,0.071907013,11,5.166,0.53,7.75,0.068387097,"3","yes",NA,18.66666667,NA,NA,702563,5506621,49.67804516,-54.19207928
"1304","7","Scrub.9",2022-06-14,"Scrub","Blueberry",1,3.014,2.84,50.18,0.056596253,NA,NA,NA,NA,NA,"No Soil Core",NA,NA,NA,NA,NA,696083,5504281,49.65916375,-54.28296856
"1305","7","Scrub.9",2022-06-14,"Scrub","Blueberry",2,3.12,2.51,50.14,0.050059832,NA,NA,NA,NA,NA,"No Soil Core",NA,NA,NA,NA,NA,696083,5504281,49.65916375,-54.28296856
"1306","7","Scrub.9",2022-06-14,"Scrub","Blueberry",3,3.132,3.08,49.87,0.061760578,NA,NA,NA,NA,NA,"No Soil Core",NA,NA,NA,NA,NA,696083,5504281,49.65916375,-54.28296856
"1307","7","Scrub.9",2022-06-14,"Scrub","Blueberry",4,3.028,2.77,50.21,0.055168293,NA,NA,NA,NA,NA,"No Soil Core",NA,NA,NA,NA,NA,696083,5504281,49.65916375,-54.28296856
"1308","7","Scrub.9",2022-06-14,"Scrub","Cladonia",1,3.429,0.33,43.76,0.007541133,NA,NA,NA,NA,NA,"No Soil Core",NA,NA,NA,NA,NA,696083,5504281,49.65916375,-54.28296856
"1309","7","Scrub.9",2022-06-14,"Scrub","Cladonia",2,3.044,0.47,44.14,0.010647938,NA,NA,NA,NA,NA,"No Soil Core",NA,NA,NA,NA,NA,696083,5504281,49.65916375,-54.28296856
"1310","7","Scrub.9",2022-06-14,"Scrub","Cladonia",3,3.145,0.24,43.06,0.005573618,NA,NA,NA,NA,NA,"No Soil Core",NA,NA,NA,NA,NA,696083,5504281,49.65916375,-54.28296856
"1311","7","Scrub.9",2022-06-14,"Scrub","Cladonia",4,3.262,0.35,43.5,0.008045977,NA,NA,NA,NA,NA,"No Soil Core",NA,NA,NA,NA,NA,696083,5504281,49.65916375,-54.28296856
"1312","7","Scrub.9",2022-06-14,"Scrub","Kalmia",1,2.998,1.19,54.07,0.022008507,NA,NA,NA,NA,NA,"No Soil Core",NA,NA,NA,NA,NA,696083,5504281,49.65916375,-54.28296856
"1313","7","Scrub.9",2022-06-14,"Scrub","Kalmia",2,3.351,1.2,54.49,0.022022389,NA,NA,NA,NA,NA,"No Soil Core",NA,NA,NA,NA,NA,696083,5504281,49.65916375,-54.28296856
"1314","7","Scrub.9",2022-06-14,"Scrub","Kalmia",3,3.343,1.28,55.04,0.023255814,NA,NA,NA,NA,NA,"No Soil Core",NA,NA,NA,NA,NA,696083,5504281,49.65916375,-54.28296856
"1315","7","Scrub.9",2022-06-14,"Scrub","Kalmia",4,3.031,1.23,54.86,0.022420707,NA,NA,NA,NA,NA,"No Soil Core",NA,NA,NA,NA,NA,696083,5504281,49.65916375,-54.28296856
"1316","4","Rocky.5.1",2022-06-13,"Rocky","Alder",1,3.38,5.42,47.5,0.114105263,11,5.056,1.57,45.05,0.034850166,"2","yes",NA,10,NA,NA,697013,5509851,49.70890344,-54.26729181
"1317","4","Rocky.5.1",2022-06-13,"Rocky","Alder",2,3.037,5.33,48.21,0.110557976,11,5.056,1.57,45.05,0.034850166,"2","yes",NA,10,NA,NA,697013,5509851,49.70890344,-54.26729181
"1318","4","Rocky.5.1",2022-06-13,"Rocky","Alder",3,3.048,4.25,50.55,0.084075173,11,5.056,1.57,45.05,0.034850166,"2","yes",NA,10,NA,NA,697013,5509851,49.70890344,-54.26729181
"1319","4","Rocky.5.1",2022-06-13,"Rocky","Alder",4,3.264,4.97,47.55,0.104521556,11,5.056,1.57,45.05,0.034850166,"2","yes",NA,10,NA,NA,697013,5509851,49.70890344,-54.26729181
"1320","4","Rocky.5.1",2022-06-13,"Rocky","Black_spruce",1,3.126,1.01,53.05,0.019038643,11,5.056,1.57,45.05,0.034850166,"2","yes",NA,10,NA,NA,697013,5509851,49.70890344,-54.26729181
"1321","4","Rocky.5.1",2022-06-13,"Rocky","Black_spruce",2,3.057,0.98,52.65,0.018613485,11,5.056,1.57,45.05,0.034850166,"2","yes",NA,10,NA,NA,697013,5509851,49.70890344,-54.26729181
"1322","4","Rocky.5.1",2022-06-13,"Rocky","Black_spruce",3,3.281,0.86,50.7,0.016962525,11,5.056,1.57,45.05,0.034850166,"2","yes",NA,10,NA,NA,697013,5509851,49.70890344,-54.26729181
"1323","4","Rocky.5.1",2022-06-13,"Rocky","Black_spruce",4,3.05,0.93,50.81,0.018303484,11,5.056,1.57,45.05,0.034850166,"2","yes",NA,10,NA,NA,697013,5509851,49.70890344,-54.26729181
"1324","11","Rocky.5.1",2022-06-13,"Rocky","Deergrass",1,3.179,1.7,46.14,0.036844387,11,5.056,1.57,45.05,0.034850166,"2","yes",NA,10,NA,NA,697013,5509851,49.70890344,-54.26729181
"1325","11","Rocky.5.1",2022-06-13,"Rocky","Deergrass",2,3.165,1.42,44.72,0.031753131,11,5.056,1.57,45.05,0.034850166,"2","yes",NA,10,NA,NA,697013,5509851,49.70890344,-54.26729181
"1326","11","Rocky.5.1",2022-06-13,"Rocky","Deergrass",3,2.984,1.67,47.24,0.035351397,11,5.056,1.57,45.05,0.034850166,"2","yes",NA,10,NA,NA,697013,5509851,49.70890344,-54.26729181
"1327","11","Rocky.5.1",2022-06-13,"Rocky","Deergrass",4,3.283,1.77,45.13,0.039220031,11,5.056,1.57,45.05,0.034850166,"2","yes",NA,10,NA,NA,697013,5509851,49.70890344,-54.26729181
"1328","4","Rocky.5.2",2022-06-13,"Rocky","Alder",1,3.194,3.68,48.39,0.07604877,11,5.551,1.73,47.67,0.036291168,"3","yes",NA,10,NA,NA,697013,5509851,49.70890344,-54.26729181
"1329","4","Rocky.5.2",2022-06-13,"Rocky","Alder",2,3.123,3.3,50,0.066,11,5.551,1.73,47.67,0.036291168,"3","yes",NA,10,NA,NA,697013,5509851,49.70890344,-54.26729181
"1330","4","Rocky.5.2",2022-06-13,"Rocky","Alder",3,3.24,3.97,48.84,0.081285831,11,5.551,1.73,47.67,0.036291168,"3","yes",NA,10,NA,NA,697013,5509851,49.70890344,-54.26729181
"1331","4","Rocky.5.2",2022-06-13,"Rocky","Alder",4,3.456,3.7,49.11,0.075341071,11,5.551,1.73,47.67,0.036291168,"3","yes",NA,10,NA,NA,697013,5509851,49.70890344,-54.26729181
"1332","5","Rocky.5.4",2022-06-13,"Rocky","Alder",1,3.024,5.14,49.21,0.104450315,11,5.525,1.88,38.83,0.048416173,"3","yes",NA,9,NA,NA,697013,5509851,49.70890344,-54.26729181
"1333","5","Rocky.5.4",2022-06-13,"Rocky","Alder",2,3.255,4.84,49.81,0.097169243,11,5.525,1.88,38.83,0.048416173,"3","yes",NA,9,NA,NA,697013,5509851,49.70890344,-54.26729181
"1334","5","Rocky.5.4",2022-06-13,"Rocky","Alder",3,3.007,4.81,48.79,0.098585776,11,5.525,1.88,38.83,0.048416173,"3","yes",NA,9,NA,NA,697013,5509851,49.70890344,-54.26729181
"1335","5","Rocky.5.4",2022-06-13,"Rocky","Alder",4,3.119,4.64,49.03,0.094635937,11,5.525,1.88,38.83,0.048416173,"3","yes",NA,9,NA,NA,697013,5509851,49.70890344,-54.26729181
"1336","10","Wetland.9.2",2022-06-13,"Wetland","Dwarf_birch",1,3.514,3.28,49.99,0.065613123,11,5.258,2.14,52.48,0.040777439,"3","no",NA,17.5,NA,NA,698843,5508201,49.69347833,-54.24277892
"1337","10","Wetland.9.2",2022-06-13,"Wetland","Dwarf_birch",2,3.341,3.59,48.53,0.073974861,11,5.258,2.14,52.48,0.040777439,"3","no",NA,17.5,NA,NA,698843,5508201,49.69347833,-54.24277892
"1338","10","Wetland.9.2",2022-06-13,"Wetland","Dwarf_birch",3,3.018,3.33,49.33,0.067504561,11,5.258,2.14,52.48,0.040777439,"3","no",NA,17.5,NA,NA,698843,5508201,49.69347833,-54.24277892
"1339","10","Wetland.9.2",2022-06-13,"Wetland","Dwarf_birch",4,3.205,2.48,51.73,0.047941233,11,5.258,2.14,52.48,0.040777439,"3","no",NA,17.5,NA,NA,698843,5508201,49.69347833,-54.24277892
"1340","10","Wetland.9.4",2022-06-13,"Wetland","Dwarf_birch",1,3.001,2.13,50.85,0.041887906,11,5.109,2.18,52.83,0.041264433,"3","no",NA,17.5,NA,NA,698843,5508201,49.69347833,-54.24277892
"1341","10","Wetland.9.4",2022-06-13,"Wetland","Dwarf_birch",2,3.079,2.2,51.69,0.042561424,11,5.109,2.18,52.83,0.041264433,"3","no",NA,17.5,NA,NA,698843,5508201,49.69347833,-54.24277892
"1342","10","Wetland.9.4",2022-06-13,"Wetland","Dwarf_birch",3,2.946,2.98,50.67,0.05881192,11,5.109,2.18,52.83,0.041264433,"3","no",NA,17.5,NA,NA,698843,5508201,49.69347833,-54.24277892
"1343","10","Wetland.9.4",2022-06-13,"Wetland","Dwarf_birch",4,3.432,2.06,52.15,0.039501438,11,5.109,2.18,52.83,0.041264433,"3","no",NA,17.5,NA,NA,698843,5508201,49.69347833,-54.24277892
"1344","4","Rocky.5.2",2022-06-13,"Rocky","Black_spruce",1,3.083,0.82,51.25,0.016,11,5.551,1.73,47.67,0.036291168,"3","yes",NA,10,NA,NA,697013,5509851,49.70890344,-54.26729181
"1345","4","Rocky.5.2",2022-06-13,"Rocky","Black_spruce",2,3.03,0.81,50.94,0.01590106,11,5.551,1.73,47.67,0.036291168,"3","yes",NA,10,NA,NA,697013,5509851,49.70890344,-54.26729181
"1346","4","Rocky.5.2",2022-06-13,"Rocky","Black_spruce",3,3.126,1.26,51.44,0.024494557,11,5.551,1.73,47.67,0.036291168,"3","yes",NA,10,NA,NA,697013,5509851,49.70890344,-54.26729181
"1347","4","Rocky.5.2",2022-06-13,"Rocky","Black_spruce",4,3.331,1.18,52.3,0.022562141,11,5.551,1.73,47.67,0.036291168,"3","yes",NA,10,NA,NA,697013,5509851,49.70890344,-54.26729181
"1348","5","Rocky.5.4",2022-06-13,"Rocky","Black_spruce",1,3.263,0.77,50.84,0.015145555,11,5.525,1.88,38.83,0.048416173,"3","yes",NA,9,NA,NA,697013,5509851,49.70890344,-54.26729181
"1349","5","Rocky.5.4",2022-06-13,"Rocky","Black_spruce",2,3.079,0.64,49.8,0.012851406,11,5.525,1.88,38.83,0.048416173,"3","yes",NA,9,NA,NA,697013,5509851,49.70890344,-54.26729181
"1350","5","Rocky.5.4",2022-06-13,"Rocky","Black_spruce",3,3.056,0.72,51.51,0.013977868,11,5.525,1.88,38.83,0.048416173,"3","yes",NA,9,NA,NA,697013,5509851,49.70890344,-54.26729181
"1351","5","Rocky.5.4",2022-06-13,"Rocky","Black_spruce",4,2.908,0.71,49.08,0.014466178,11,5.525,1.88,38.83,0.048416173,"3","yes",NA,9,NA,NA,697013,5509851,49.70890344,-54.26729181
"1352","10","Wetland.9.4",2022-06-13,"Wetland","Cladonia",1,3.158,0.42,43.83,0.009582478,11,5.109,2.18,52.83,0.041264433,"3","no",NA,17.5,NA,NA,698843,5508201,49.69347833,-54.24277892
"1353","10","Wetland.9.4",2022-06-13,"Wetland","Cladonia",2,3.167,0.36,41.59,0.008655927,11,5.109,2.18,52.83,0.041264433,"3","no",NA,17.5,NA,NA,698843,5508201,49.69347833,-54.24277892
"1354","10","Wetland.9.4",2022-06-13,"Wetland","Cladonia",3,3.04,0.39,42.82,0.009107894,11,5.109,2.18,52.83,0.041264433,"3","no",NA,17.5,NA,NA,698843,5508201,49.69347833,-54.24277892
"1355","10","Wetland.9.4",2022-06-13,"Wetland","Cladonia",4,3.281,0.33,43.76,0.007541133,11,5.109,2.18,52.83,0.041264433,"3","no",NA,17.5,NA,NA,698843,5508201,49.69347833,-54.24277892
"1356","10","Wetland.9.2",2022-06-13,"Wetland","Deergrass",1,3.275,0.65,46.22,0.014063176,11,5.258,2.14,52.48,0.040777439,"3","no",NA,17.5,NA,NA,698843,5508201,49.69347833,-54.24277892
"1357","10","Wetland.9.2",2022-06-13,"Wetland","Deergrass",2,3.083,1.35,47.17,0.028619886,11,5.258,2.14,52.48,0.040777439,"3","no",NA,17.5,NA,NA,698843,5508201,49.69347833,-54.24277892
"1358","10","Wetland.9.2",2022-06-13,"Wetland","Deergrass",3,3.129,2.1,44.02,0.047705588,11,5.258,2.14,52.48,0.040777439,"3","no",NA,17.5,NA,NA,698843,5508201,49.69347833,-54.24277892
"1359","10","Wetland.9.2",2022-06-13,"Wetland","Deergrass",4,3.051,2.18,44.66,0.048813256,11,5.258,2.14,52.48,0.040777439,"3","no",NA,17.5,NA,NA,698843,5508201,49.69347833,-54.24277892
"1360","10","Wetland.9.4",2022-06-13,"Wetland","Deergrass",1,3.097,1.98,46.41,0.042663219,11,5.109,2.18,52.83,0.041264433,"3","no",NA,17.5,NA,NA,698843,5508201,49.69347833,-54.24277892
"1361","10","Wetland.9.4",2022-06-13,"Wetland","Deergrass",2,3.291,1.48,45.75,0.032349727,11,5.109,2.18,52.83,0.041264433,"3","no",NA,17.5,NA,NA,698843,5508201,49.69347833,-54.24277892
"1362","10","Wetland.9.4",2022-06-13,"Wetland","Deergrass",3,2.994,2.61,44.56,0.058572711,11,5.109,2.18,52.83,0.041264433,"3","no",NA,17.5,NA,NA,698843,5508201,49.69347833,-54.24277892
"1363","10","Wetland.9.4",2022-06-13,"Wetland","Deergrass",4,3.063,2.08,46.3,0.044924406,11,5.109,2.18,52.83,0.041264433,"3","no",NA,17.5,NA,NA,698843,5508201,49.69347833,-54.24277892
"1364","11","Rocky.5.2",2022-06-13,"Rocky","Deergrass",1,3.162,1.55,45.77,0.033864977,11,5.551,1.73,47.67,0.036291168,"3","yes",NA,10,NA,NA,697013,5509851,49.70890344,-54.26729181
"1365","11","Rocky.5.2",2022-06-13,"Rocky","Deergrass",2,3.151,1.41,45.94,0.030692207,11,5.551,1.73,47.67,0.036291168,"3","yes",NA,10,NA,NA,697013,5509851,49.70890344,-54.26729181
"1366","11","Rocky.5.2",2022-06-13,"Rocky","Deergrass",3,3.174,1.9,44.82,0.042391789,11,5.551,1.73,47.67,0.036291168,"3","yes",NA,10,NA,NA,697013,5509851,49.70890344,-54.26729181
"1367","11","Rocky.5.2",2022-06-13,"Rocky","Deergrass",4,3.165,1.47,43.58,0.033731069,11,5.551,1.73,47.67,0.036291168,"3","yes",NA,10,NA,NA,697013,5509851,49.70890344,-54.26729181
"1368","5","Rocky.5.4",2022-06-13,"Rocky","graminoid_spp.",1,3.11,1.58,40.92,0.038611926,11,5.525,1.88,38.83,0.048416173,"3","yes",NA,9,NA,NA,697013,5509851,49.70890344,-54.26729181
"1369","5","Rocky.5.4",2022-06-13,"Rocky","graminoid_spp.",2,3.16,1.39,42.53,0.032682812,11,5.525,1.88,38.83,0.048416173,"3","yes",NA,9,NA,NA,697013,5509851,49.70890344,-54.26729181
"1370","5","Rocky.5.4",2022-06-13,"Rocky","graminoid_spp.",3,3.112,1.66,42.89,0.038703661,11,5.525,1.88,38.83,0.048416173,"3","yes",NA,9,NA,NA,697013,5509851,49.70890344,-54.26729181
"1371","5","Rocky.5.4",2022-06-13,"Rocky","graminoid_spp.",4,3.009,1.46,42.62,0.034256218,11,5.525,1.88,38.83,0.048416173,"3","yes",NA,9,NA,NA,697013,5509851,49.70890344,-54.26729181
"1372","10","Wetland.9.2",2022-06-13,"Wetland","Kalmia",1,3.6,1.11,46.94,0.023647209,11,5.258,2.14,52.48,0.040777439,"3","no",NA,17.5,NA,NA,698843,5508201,49.69347833,-54.24277892
"1373","10","Wetland.9.2",2022-06-13,"Wetland","Kalmia",2,3.161,1.28,53.21,0.024055629,11,5.258,2.14,52.48,0.040777439,"3","no",NA,17.5,NA,NA,698843,5508201,49.69347833,-54.24277892
"1374","10","Wetland.9.2",2022-06-13,"Wetland","Kalmia",3,2.992,1.45,53.58,0.027062337,11,5.258,2.14,52.48,0.040777439,"3","no",NA,17.5,NA,NA,698843,5508201,49.69347833,-54.24277892
"1375","10","Wetland.9.2",2022-06-13,"Wetland","Kalmia",4,3.186,1.37,53.72,0.025502606,11,5.258,2.14,52.48,0.040777439,"3","no",NA,17.5,NA,NA,698843,5508201,49.69347833,-54.24277892
"1376","10","Wetland.9.4",2022-06-13,"Wetland","Kalmia",1,3.072,1.34,51.52,0.026009317,11,5.109,2.18,52.83,0.041264433,"3","no",NA,17.5,NA,NA,698843,5508201,49.69347833,-54.24277892
"1377","10","Wetland.9.4",2022-06-13,"Wetland","Kalmia",2,3.101,1.31,53.79,0.024353969,11,5.109,2.18,52.83,0.041264433,"3","no",NA,17.5,NA,NA,698843,5508201,49.69347833,-54.24277892
"1378","10","Wetland.9.4",2022-06-13,"Wetland","Kalmia",3,3.17,1.28,52.73,0.024274606,11,5.109,2.18,52.83,0.041264433,"3","no",NA,17.5,NA,NA,698843,5508201,49.69347833,-54.24277892
"1379","10","Wetland.9.4",2022-06-13,"Wetland","Kalmia",4,3.166,1.44,52.66,0.027345234,11,5.109,2.18,52.83,0.041264433,"3","no",NA,17.5,NA,NA,698843,5508201,49.69347833,-54.24277892
"1380","4","Rocky.5.3",2022-06-13,"Rocky","Alder",1,3.057,4.02,47.99,0.083767452,11,5.107,1.39,44.84,0.030999108,"4","yes",NA,10,NA,NA,697013,5509851,49.70890344,-54.26729181
"1381","4","Rocky.5.3",2022-06-13,"Rocky","Alder",2,3.344,5.05,49.18,0.102684018,11,5.107,1.39,44.84,0.030999108,"4","yes",NA,10,NA,NA,697013,5509851,49.70890344,-54.26729181
"1382","4","Rocky.5.3",2022-06-13,"Rocky","Alder",3,3.081,5.66,48.65,0.116341213,11,5.107,1.39,44.84,0.030999108,"4","yes",NA,10,NA,NA,697013,5509851,49.70890344,-54.26729181
"1383","4","Rocky.5.3",2022-06-13,"Rocky","Alder",4,3.14,4.68,48.09,0.09731753,11,5.107,1.39,44.84,0.030999108,"4","yes",NA,10,NA,NA,697013,5509851,49.70890344,-54.26729181
"1384","10","Wetland.9.1",2022-06-13,"Wetland","Dwarf_birch",1,2.999,3.62,49.4,0.073279352,11,5.265,1.59,46.37,0.034289411,"4","no",NA,17.5,NA,NA,698843,5508201,49.69347833,-54.24277892
"1385","10","Wetland.9.1",2022-06-13,"Wetland","Dwarf_birch",2,3.166,3.44,49.08,0.07008965,11,5.265,1.59,46.37,0.034289411,"4","no",NA,17.5,NA,NA,698843,5508201,49.69347833,-54.24277892
"1386","10","Wetland.9.1",2022-06-13,"Wetland","Dwarf_birch",3,3.14,3.58,49.45,0.07239636,11,5.265,1.59,46.37,0.034289411,"4","no",NA,17.5,NA,NA,698843,5508201,49.69347833,-54.24277892
"1387","10","Wetland.9.1",2022-06-13,"Wetland","Dwarf_birch",4,3.32,3.43,44.93,0.076340975,11,5.265,1.59,46.37,0.034289411,"4","no",NA,17.5,NA,NA,698843,5508201,49.69347833,-54.24277892
"1388","10","Wetland.9.3",2022-06-13,"Wetland","Dwarf_birch",1,3.003,2.91,49,0.059387755,11,5.412,2.2,52.92,0.041572184,"4","no",NA,17.5,NA,NA,698843,5508201,49.69347833,-54.24277892
"1389","10","Wetland.9.3",2022-06-13,"Wetland","Dwarf_birch",2,3.058,2.73,51.18,0.053341149,11,5.412,2.2,52.92,0.041572184,"4","no",NA,17.5,NA,NA,698843,5508201,49.69347833,-54.24277892
"1390","10","Wetland.9.3",2022-06-13,"Wetland","Dwarf_birch",3,3.08,3.05,49.7,0.061368209,11,5.412,2.2,52.92,0.041572184,"4","no",NA,17.5,NA,NA,698843,5508201,49.69347833,-54.24277892
"1391","10","Wetland.9.3",2022-06-13,"Wetland","Dwarf_birch",4,3.051,3.05,49.65,0.06143001,11,5.412,2.2,52.92,0.041572184,"4","no",NA,17.5,NA,NA,698843,5508201,49.69347833,-54.24277892
"1392","5","Rocky.5.3",2022-06-13,"Rocky","Black_spruce",1,3.028,0.92,50.89,0.018078208,11,5.107,1.39,44.84,0.030999108,"4","yes",NA,10,NA,NA,697013,5509851,49.70890344,-54.26729181
"1393","5","Rocky.5.3",2022-06-13,"Rocky","Black_spruce",2,3.219,0.76,49.76,0.015273312,11,5.107,1.39,44.84,0.030999108,"4","yes",NA,10,NA,NA,697013,5509851,49.70890344,-54.26729181
"1394","5","Rocky.5.3",2022-06-13,"Rocky","Black_spruce",3,3.029,0.72,50.47,0.014265901,11,5.107,1.39,44.84,0.030999108,"4","yes",NA,10,NA,NA,697013,5509851,49.70890344,-54.26729181
"1395","5","Rocky.5.3",2022-06-13,"Rocky","Black_spruce",4,3.141,0.83,49.67,0.016710288,11,5.107,1.39,44.84,0.030999108,"4","yes",NA,10,NA,NA,697013,5509851,49.70890344,-54.26729181
"1396","10","Wetland.9.1",2022-06-13,"Wetland","Deergrass",1,3.077,1.81,45.96,0.039382071,11,5.265,1.59,46.37,0.034289411,"4","no",NA,17.5,NA,NA,698843,5508201,49.69347833,-54.24277892
"1397","10","Wetland.9.1",2022-06-13,"Wetland","Deergrass",2,3.242,1.56,46.12,0.033824805,11,5.265,1.59,46.37,0.034289411,"4","no",NA,17.5,NA,NA,698843,5508201,49.69347833,-54.24277892
"1398","10","Wetland.9.1",2022-06-13,"Wetland","Deergrass",3,3.047,1.76,44.63,0.039435357,11,5.265,1.59,46.37,0.034289411,"4","no",NA,17.5,NA,NA,698843,5508201,49.69347833,-54.24277892
"1399","10","Wetland.9.1",2022-06-13,"Wetland","Deergrass",4,3.128,1.29,45.97,0.028061779,11,5.265,1.59,46.37,0.034289411,"4","no",NA,17.5,NA,NA,698843,5508201,49.69347833,-54.24277892
"1400","10","Wetland.9.3",2022-06-13,"Wetland","Deergrass",1,3.076,1.61,45.54,0.035353535,11,5.412,2.2,52.92,0.041572184,"4","no",NA,17.5,NA,NA,698843,5508201,49.69347833,-54.24277892
"1401","10","Wetland.9.3",2022-06-13,"Wetland","Deergrass",2,3.277,2.06,46.49,0.044310604,11,5.412,2.2,52.92,0.041572184,"4","no",NA,17.5,NA,NA,698843,5508201,49.69347833,-54.24277892
"1402","10","Wetland.9.3",2022-06-13,"Wetland","Deergrass",3,3.29,1.99,46.34,0.042943461,11,5.412,2.2,52.92,0.041572184,"4","no",NA,17.5,NA,NA,698843,5508201,49.69347833,-54.24277892
"1403","10","Wetland.9.3",2022-06-13,"Wetland","Deergrass",4,3.197,1.46,46.32,0.031519862,11,5.412,2.2,52.92,0.041572184,"4","no",NA,17.5,NA,NA,698843,5508201,49.69347833,-54.24277892
"1404","5","Rocky.5.3",2022-06-13,"Rocky","graminoid_spp.",1,3.211,1.43,44.42,0.032192706,11,5.107,1.39,44.84,0.030999108,"4","yes",NA,10,NA,NA,697013,5509851,49.70890344,-54.26729181
"1405","5","Rocky.5.3",2022-06-13,"Rocky","graminoid_spp.",2,3.045,2.93,43.54,0.067294442,11,5.107,1.39,44.84,0.030999108,"4","yes",NA,10,NA,NA,697013,5509851,49.70890344,-54.26729181
"1406","5","Rocky.5.3",2022-06-13,"Rocky","graminoid_spp.",3,3.05,2.2,43.05,0.051103368,11,5.107,1.39,44.84,0.030999108,"4","yes",NA,10,NA,NA,697013,5509851,49.70890344,-54.26729181
"1407","5","Rocky.5.3",2022-06-13,"Rocky","graminoid_spp.",4,2.965,3.14,41.33,0.075973869,11,5.107,1.39,44.84,0.030999108,"4","yes",NA,10,NA,NA,697013,5509851,49.70890344,-54.26729181
"1408","10","Wetland.9.1",2022-06-13,"Wetland","Kalmia",1,3.114,1.39,54.19,0.025650489,11,5.265,1.59,46.37,0.034289411,"4","no",NA,17.5,NA,NA,698843,5508201,49.69347833,-54.24277892
"1409","10","Wetland.9.1",2022-06-13,"Wetland","Kalmia",2,3.302,1.49,53.82,0.027684876,11,5.265,1.59,46.37,0.034289411,"4","no",NA,17.5,NA,NA,698843,5508201,49.69347833,-54.24277892
"1410","10","Wetland.9.1",2022-06-13,"Wetland","Kalmia",3,3.29,1.06,54.2,0.019557196,11,5.265,1.59,46.37,0.034289411,"4","no",NA,17.5,NA,NA,698843,5508201,49.69347833,-54.24277892
"1411","10","Wetland.9.1",2022-06-13,"Wetland","Kalmia",4,3.031,1.24,54.42,0.022785741,11,5.265,1.59,46.37,0.034289411,"4","no",NA,17.5,NA,NA,698843,5508201,49.69347833,-54.24277892
"1412","10","Wetland.9.3",2022-06-13,"Wetland","Kalmia",1,3.149,1.16,52.71,0.022007209,11,5.412,2.2,52.92,0.041572184,"4","no",NA,17.5,NA,NA,698843,5508201,49.69347833,-54.24277892
"1413","10","Wetland.9.3",2022-06-13,"Wetland","Kalmia",2,3.073,1.29,52.68,0.024487472,11,5.412,2.2,52.92,0.041572184,"4","no",NA,17.5,NA,NA,698843,5508201,49.69347833,-54.24277892
"1414","10","Wetland.9.3",2022-06-13,"Wetland","Kalmia",3,3.271,1.18,53.65,0.021994408,11,5.412,2.2,52.92,0.041572184,"4","no",NA,17.5,NA,NA,698843,5508201,49.69347833,-54.24277892
"1415","10","Wetland.9.3",2022-06-13,"Wetland","Kalmia",4,3.138,1.31,53.84,0.024331352,11,5.412,2.2,52.92,0.041572184,"4","no",NA,17.5,NA,NA,698843,5508201,49.69347833,-54.24277892
"1416","11","Scrub.X",2022-06-15,"Scrub","Blueberry",1,5.334,2.24,52.08,0.043010753,NA,NA,NA,NA,NA,NA,NA,NA,NA,NA,NA,708202,5511183,49.71711,-54.11158
"1417","11","Scrub.X",2022-06-15,"Scrub","Blueberry",2,5.657,2.48,52.88,0.046898638,NA,NA,NA,NA,NA,NA,NA,NA,NA,NA,NA,708202,5511183,49.71711,-54.11158
"1418","11","Scrub.X",2022-06-15,"Scrub","Blueberry",3,5.135,2.14,50.99,0.041969014,NA,NA,NA,NA,NA,NA,NA,NA,NA,NA,NA,708202,5511183,49.71711,-54.11158
"1419","11","Scrub.X",2022-06-15,"Scrub","Blueberry",4,5.15,2.61,50.93,0.051246809,NA,NA,NA,NA,NA,NA,NA,NA,NA,NA,NA,708202,5511183,49.71711,-54.11158
